City_ID,City,Country,Date,Date,Date,Date,Lat,Lng,Max Temp,Humidity,Cloudiness,Wind Speed
0,Hamilton,US,2021-01-30 19:43:21,2021-01-30 19:43:21,2021-01-30 19:43:21,2021-01-30 19:43:21,39.1834,-84.5333,36.0,48,75,12.66
1,Busselton,AU,2021-01-30 19:43:41,2021-01-30 19:43:41,2021-01-30 19:43:41,2021-01-30 19:43:41,-33.65,115.3333,64.0,74,0,1.99
2,Raga,SS,2021-01-30 19:43:41,2021-01-30 19:43:41,2021-01-30 19:43:41,2021-01-30 19:43:41,8.4596,25.678,72.86,21,0,5.64
3,Vila Velha,BR,2021-01-30 19:43:41,2021-01-30 19:43:41,2021-01-30 19:43:41,2021-01-30 19:43:41,-20.3297,-40.2925,86.0,62,0,19.57
4,Hilo,US,2021-01-30 19:43:42,2021-01-30 19:43:42,2021-01-30 19:43:42,2021-01-30 19:43:42,19.7297,-155.09,71.6,83,90,9.22
5,Ipswich,GB,2021-01-30 19:41:12,2021-01-30 19:41:12,2021-01-30 19:41:12,2021-01-30 19:41:12,52.0592,1.1555,39.99,81,75,17.27
6,Maltahohe,NA,2021-01-30 19:43:42,2021-01-30 19:43:42,2021-01-30 19:43:42,2021-01-30 19:43:42,-24.8333,16.9833,79.66,16,0,6.62
7,Sao Filipe,CV,2021-01-30 19:43:42,2021-01-30 19:43:42,2021-01-30 19:43:42,2021-01-30 19:43:42,14.8961,-24.4956,75.79,58,95,9.08
8,Ust-Nera,RU,2021-01-30 19:43:42,2021-01-30 19:43:42,2021-01-30 19:43:42,2021-01-30 19:43:42,64.5667,143.2,-22.95,77,100,7.23
9,Requena,ES,2021-01-30 19:43:42,2021-01-30 19:43:42,2021-01-30 19:43:42,2021-01-30 19:43:42,39.4883,-1.1004,59.0,68,13,26.04
10,Clyde River,CA,2021-01-30 19:39:14,2021-01-30 19:39:14,2021-01-30 19:39:14,2021-01-30 19:39:14,70.4692,-68.5914,-16.6,76,1,6.62
11,Ushuaia,AR,2021-01-30 19:41:02,2021-01-30 19:41:02,2021-01-30 19:41:02,2021-01-30 19:41:02,-54.8,-68.3,53.6,58,20,26.46
12,Rikitea,PF,2021-01-30 19:43:43,2021-01-30 19:43:43,2021-01-30 19:43:43,2021-01-30 19:43:43,-23.1203,-134.9692,78.87,76,3,12.93
13,Tuatapere,NZ,2021-01-30 19:43:43,2021-01-30 19:43:43,2021-01-30 19:43:43,2021-01-30 19:43:43,-46.1333,167.6833,48.0,80,93,8.01
14,Hermanus,ZA,2021-01-30 19:43:43,2021-01-30 19:43:43,2021-01-30 19:43:43,2021-01-30 19:43:43,-34.4187,19.2345,66.0,84,3,1.01
15,Vaini,TO,2021-01-30 19:43:43,2021-01-30 19:43:43,2021-01-30 19:43:43,2021-01-30 19:43:43,-21.2,-175.2,75.2,94,75,6.91
16,Vardo,NO,2021-01-30 19:43:43,2021-01-30 19:43:43,2021-01-30 19:43:43,2021-01-30 19:43:43,70.3705,31.1107,25.02,97,100,21.99
17,Punta Arenas,CL,2021-01-30 19:42:02,2021-01-30 19:42:02,2021-01-30 19:42:02,2021-01-30 19:42:02,-53.15,-70.9167,59.0,51,0,25.32
18,Hay River,CA,2021-01-30 19:43:44,2021-01-30 19:43:44,2021-01-30 19:43:44,2021-01-30 19:43:44,60.8156,-115.7999,-13.0,70,33,4.61
19,Pacific Grove,US,2021-01-30 19:43:20,2021-01-30 19:43:20,2021-01-30 19:43:20,2021-01-30 19:43:20,36.6177,-121.9166,57.0,62,40,5.75
20,Hobart,AU,2021-01-30 19:40:23,2021-01-30 19:40:23,2021-01-30 19:40:23,2021-01-30 19:40:23,-42.8794,147.3294,52.0,81,17,3.44
21,Atuona,PF,2021-01-30 19:43:44,2021-01-30 19:43:44,2021-01-30 19:43:44,2021-01-30 19:43:44,-9.8,-139.0333,78.64,78,10,17.52
22,Jamestown,US,2021-01-30 19:43:44,2021-01-30 19:43:44,2021-01-30 19:43:44,2021-01-30 19:43:44,42.097,-79.2353,27.0,68,90,3.44
23,East London,ZA,2021-01-30 19:43:44,2021-01-30 19:43:44,2021-01-30 19:43:44,2021-01-30 19:43:44,-33.0153,27.9116,71.19,77,10,2.57
24,Bowen,AU,2021-01-30 19:43:44,2021-01-30 19:43:44,2021-01-30 19:43:44,2021-01-30 19:43:44,-20.0167,148.2333,77.0,88,75,9.22
25,Najran,SA,2021-01-30 19:43:45,2021-01-30 19:43:45,2021-01-30 19:43:45,2021-01-30 19:43:45,17.4924,44.1277,69.8,24,0,4.61
26,Puerto Ayora,EC,2021-01-30 19:43:45,2021-01-30 19:43:45,2021-01-30 19:43:45,2021-01-30 19:43:45,-0.7393,-90.3518,86.0,66,0,16.11
27,Kaitangata,NZ,2021-01-30 19:43:45,2021-01-30 19:43:45,2021-01-30 19:43:45,2021-01-30 19:43:45,-46.2817,169.8464,52.0,86,81,5.99
28,Loudon,US,2021-01-30 19:43:45,2021-01-30 19:43:45,2021-01-30 19:43:45,2021-01-30 19:43:45,35.7328,-84.3338,37.99,68,100,4.45
29,Talnakh,RU,2021-01-30 19:43:45,2021-01-30 19:43:45,2021-01-30 19:43:45,2021-01-30 19:43:45,69.4865,88.3972,-30.93,71,0,6.46
30,Opuwo,NA,2021-01-30 19:43:45,2021-01-30 19:43:45,2021-01-30 19:43:45,2021-01-30 19:43:45,-18.0607,13.84,74.12,46,94,9.35
31,Norman Wells,CA,2021-01-30 19:43:45,2021-01-30 19:43:45,2021-01-30 19:43:45,2021-01-30 19:43:45,65.282,-126.8329,-27.4,75,40,2.95
32,Airai,TL,2021-01-30 19:43:46,2021-01-30 19:43:46,2021-01-30 19:43:46,2021-01-30 19:43:46,-8.9266,125.4092,62.06,100,100,5.5
33,Barrow,US,2021-01-30 19:40:02,2021-01-30 19:40:02,2021-01-30 19:40:02,2021-01-30 19:40:02,71.2906,-156.7887,-9.4,77,90,10.36
34,Torbay,CA,2021-01-30 19:43:46,2021-01-30 19:43:46,2021-01-30 19:43:46,2021-01-30 19:43:46,47.6666,-52.7314,30.0,86,90,16.11
35,Kapaa,US,2021-01-30 19:43:46,2021-01-30 19:43:46,2021-01-30 19:43:46,2021-01-30 19:43:46,22.0752,-159.319,71.6,94,90,17.27
36,Chuy,UY,2021-01-30 19:43:46,2021-01-30 19:43:46,2021-01-30 19:43:46,2021-01-30 19:43:46,-33.6971,-53.4616,79.81,61,49,14.56
37,Lebu,CL,2021-01-30 19:43:46,2021-01-30 19:43:46,2021-01-30 19:43:46,2021-01-30 19:43:46,-37.6167,-73.65,62.24,70,4,11.41
38,Xuanzhou,CN,2021-01-30 19:43:46,2021-01-30 19:43:46,2021-01-30 19:43:46,2021-01-30 19:43:46,30.9525,118.7553,49.1,57,76,2.55
39,San Cristobal,VE,2021-01-30 19:43:47,2021-01-30 19:43:47,2021-01-30 19:43:47,2021-01-30 19:43:47,7.7669,-72.225,86.0,54,40,11.5
40,Yerbogachen,RU,2021-01-30 19:43:47,2021-01-30 19:43:47,2021-01-30 19:43:47,2021-01-30 19:43:47,61.2767,108.0108,-38.9,80,96,4.61
41,Te Anau,NZ,2021-01-30 19:43:47,2021-01-30 19:43:47,2021-01-30 19:43:47,2021-01-30 19:43:47,-45.4167,167.7167,49.42,82,90,1.9
42,Mataura,NZ,2021-01-30 19:43:47,2021-01-30 19:43:47,2021-01-30 19:43:47,2021-01-30 19:43:47,-46.1927,168.8643,48.0,80,74,8.01
43,Albany,US,2021-01-30 19:41:45,2021-01-30 19:41:45,2021-01-30 19:41:45,2021-01-30 19:41:45,42.6001,-73.9662,21.0,45,13,3.0
44,Adrar,MR,2021-01-30 19:43:47,2021-01-30 19:43:47,2021-01-30 19:43:47,2021-01-30 19:43:47,20.5022,-10.0711,71.74,20,17,8.86
45,Namatanai,PG,2021-01-30 19:43:47,2021-01-30 19:43:47,2021-01-30 19:43:47,2021-01-30 19:43:47,-3.6667,152.4333,80.56,78,99,11.18
46,Saint George,US,2021-01-30 19:43:47,2021-01-30 19:43:47,2021-01-30 19:43:47,2021-01-30 19:43:47,37.1041,-113.5841,46.99,81,1,0.31
47,Iqaluit,CA,2021-01-30 19:43:48,2021-01-30 19:43:48,2021-01-30 19:43:48,2021-01-30 19:43:48,63.7506,-68.5145,-7.01,71,20,18.41
48,Sinnamary,GF,2021-01-30 19:43:48,2021-01-30 19:43:48,2021-01-30 19:43:48,2021-01-30 19:43:48,5.3833,-52.95,79.52,85,100,14.45
49,Butaritari,KI,2021-01-30 19:43:48,2021-01-30 19:43:48,2021-01-30 19:43:48,2021-01-30 19:43:48,3.0707,172.7902,81.07,77,100,16.4
50,Kodinsk,RU,2021-01-30 19:43:48,2021-01-30 19:43:48,2021-01-30 19:43:48,2021-01-30 19:43:48,58.6881,99.1844,-40.72,78,38,2.95
51,Nioro,GM,2021-01-30 19:43:48,2021-01-30 19:43:48,2021-01-30 19:43:48,2021-01-30 19:43:48,13.35,-15.75,84.61,12,0,6.69
52,Koforidua,GH,2021-01-30 19:43:48,2021-01-30 19:43:48,2021-01-30 19:43:48,2021-01-30 19:43:48,6.0941,-0.2591,82.4,83,0,9.22
53,Hasaki,JP,2021-01-30 19:39:14,2021-01-30 19:39:14,2021-01-30 19:39:14,2021-01-30 19:39:14,35.7333,140.8333,26.6,74,20,1.14
54,Bluff,NZ,2021-01-30 19:43:49,2021-01-30 19:43:49,2021-01-30 19:43:49,2021-01-30 19:43:49,-46.6,168.3333,48.0,80,99,8.01
55,Chesterville,US,2021-01-30 19:43:49,2021-01-30 19:43:49,2021-01-30 19:43:49,2021-01-30 19:43:49,44.5512,-70.0862,17.01,51,0,1.01
56,Longyearbyen,SJ,2021-01-30 19:41:28,2021-01-30 19:41:28,2021-01-30 19:41:28,2021-01-30 19:41:28,78.2186,15.6401,-2.2,55,20,20.71
57,Yatou,CN,2021-01-30 19:43:49,2021-01-30 19:43:49,2021-01-30 19:43:49,2021-01-30 19:43:49,37.15,122.3833,38.88,91,100,9.24
58,Gao,ML,2021-01-30 19:43:49,2021-01-30 19:43:49,2021-01-30 19:43:49,2021-01-30 19:43:49,16.6362,1.637,71.91,19,0,10.94
59,Dodge City,US,2021-01-30 19:40:05,2021-01-30 19:40:05,2021-01-30 19:40:05,2021-01-30 19:40:05,37.7528,-100.0171,39.2,65,1,20.71
60,Sumoto,JP,2021-01-30 19:43:50,2021-01-30 19:43:50,2021-01-30 19:43:50,2021-01-30 19:43:50,34.35,134.9,46.4,71,90,13.8
61,Tasiilaq,GL,2021-01-30 19:43:50,2021-01-30 19:43:50,2021-01-30 19:43:50,2021-01-30 19:43:50,65.6145,-37.6368,17.6,35,75,18.41
62,Khatanga,RU,2021-01-30 19:43:50,2021-01-30 19:43:50,2021-01-30 19:43:50,2021-01-30 19:43:50,71.9667,102.5,-45.99,77,26,0.36
63,Tiksi,RU,2021-01-30 19:43:50,2021-01-30 19:43:50,2021-01-30 19:43:50,2021-01-30 19:43:50,71.6872,128.8694,-27.22,86,100,5.23
64,Portland,US,2021-01-30 19:39:29,2021-01-30 19:39:29,2021-01-30 19:39:29,2021-01-30 19:39:29,45.5234,-122.6762,48.0,76,90,14.97
65,Port Alfred,ZA,2021-01-30 19:43:50,2021-01-30 19:43:50,2021-01-30 19:43:50,2021-01-30 19:43:50,-33.5906,26.891,64.99,90,56,4.23
66,Qaanaaq,GL,2021-01-30 19:43:51,2021-01-30 19:43:51,2021-01-30 19:43:51,2021-01-30 19:43:51,77.484,-69.3632,-4.85,74,99,1.79
67,Awjilah,LY,2021-01-30 19:43:51,2021-01-30 19:43:51,2021-01-30 19:43:51,2021-01-30 19:43:51,29.1081,21.2869,62.98,38,0,10.98
68,Bredasdorp,ZA,2021-01-30 19:43:51,2021-01-30 19:43:51,2021-01-30 19:43:51,2021-01-30 19:43:51,-34.5322,20.0403,66.0,84,5,1.01
69,Chapais,CA,2021-01-30 19:43:51,2021-01-30 19:43:51,2021-01-30 19:43:51,2021-01-30 19:43:51,49.7834,-74.8492,-0.4,65,90,8.05
70,Bethel,US,2021-01-30 19:43:51,2021-01-30 19:43:51,2021-01-30 19:43:51,2021-01-30 19:43:51,41.3712,-73.414,27.0,39,1,11.5
71,Castro,BR,2021-01-30 19:43:51,2021-01-30 19:43:51,2021-01-30 19:43:51,2021-01-30 19:43:51,-24.7911,-50.0119,67.6,96,100,3.06
72,Karratha,AU,2021-01-30 19:43:52,2021-01-30 19:43:52,2021-01-30 19:43:52,2021-01-30 19:43:52,-20.7377,116.8463,85.89,53,100,17.63
73,New Norfolk,AU,2021-01-30 19:43:52,2021-01-30 19:43:52,2021-01-30 19:43:52,2021-01-30 19:43:52,-42.7826,147.0587,52.0,71,12,1.01
74,Camabatela,AO,2021-01-30 19:43:52,2021-01-30 19:43:52,2021-01-30 19:43:52,2021-01-30 19:43:52,-8.1881,15.375,63.59,99,100,2.21
75,Saint-Philippe,RE,2021-01-30 19:43:52,2021-01-30 19:43:52,2021-01-30 19:43:52,2021-01-30 19:43:52,-21.3585,55.7679,78.8,65,0,4.61
76,Yeppoon,AU,2021-01-30 19:43:52,2021-01-30 19:43:52,2021-01-30 19:43:52,2021-01-30 19:43:52,-23.1333,150.7333,73.4,83,40,8.05
77,Severo-Kurilsk,RU,2021-01-30 19:43:52,2021-01-30 19:43:52,2021-01-30 19:43:52,2021-01-30 19:43:52,50.6789,156.125,25.29,95,100,28.59
78,Kavieng,PG,2021-01-30 19:43:52,2021-01-30 19:43:52,2021-01-30 19:43:52,2021-01-30 19:43:52,-2.5744,150.7967,82.17,76,100,14.97
79,Santa Maria,BR,2021-01-30 19:43:52,2021-01-30 19:43:52,2021-01-30 19:43:52,2021-01-30 19:43:52,-29.6842,-53.8069,86.0,70,40,10.36
80,Puerto Madryn,AR,2021-01-30 19:41:43,2021-01-30 19:41:43,2021-01-30 19:41:43,2021-01-30 19:41:43,-42.7692,-65.0385,67.71,44,9,21.05
81,Broken Hill,AU,2021-01-30 19:43:53,2021-01-30 19:43:53,2021-01-30 19:43:53,2021-01-30 19:43:53,-31.95,141.4333,64.4,63,89,6.91
82,Mar Del Plata,AR,2021-01-30 19:39:32,2021-01-30 19:39:32,2021-01-30 19:39:32,2021-01-30 19:39:32,-38.0023,-57.5575,62.6,59,90,18.41
83,Ampanihy,MG,2021-01-30 19:43:53,2021-01-30 19:43:53,2021-01-30 19:43:53,2021-01-30 19:43:53,-24.7,44.75,75.61,87,14,5.39
84,Maragogi,BR,2021-01-30 19:43:53,2021-01-30 19:43:53,2021-01-30 19:43:53,2021-01-30 19:43:53,-9.0122,-35.2225,80.87,73,65,9.37
85,Biak,ID,2021-01-30 19:43:53,2021-01-30 19:43:53,2021-01-30 19:43:53,2021-01-30 19:43:53,-0.9131,122.8766,76.46,72,100,4.7
86,Houma,US,2021-01-30 19:42:21,2021-01-30 19:42:21,2021-01-30 19:42:21,2021-01-30 19:42:21,29.5958,-90.7195,73.0,64,90,11.5
87,Hithadhoo,MV,2021-01-30 19:43:54,2021-01-30 19:43:54,2021-01-30 19:43:54,2021-01-30 19:43:54,-0.6,73.0833,82.31,77,45,15.43
88,Sheffield Lake,US,2021-01-30 19:43:54,2021-01-30 19:43:54,2021-01-30 19:43:54,2021-01-30 19:43:54,41.4875,-82.1015,32.0,59,20,10.36
89,Arraial Do Cabo,BR,2021-01-30 19:43:06,2021-01-30 19:43:06,2021-01-30 19:43:06,2021-01-30 19:43:06,-22.9661,-42.0278,86.0,54,0,19.57
90,Vostok,RU,2021-01-30 19:43:54,2021-01-30 19:43:54,2021-01-30 19:43:54,2021-01-30 19:43:54,46.4856,135.8833,-21.86,87,97,4.36
91,Devarkonda,IN,2021-01-30 19:43:54,2021-01-30 19:43:54,2021-01-30 19:43:54,2021-01-30 19:43:54,16.7,78.9333,69.8,66,21,2.93
92,George Town,MY,2021-01-30 19:39:51,2021-01-30 19:39:51,2021-01-30 19:39:51,2021-01-30 19:39:51,5.4112,100.3354,78.8,83,20,3.44
93,Teya,RU,2021-01-30 19:43:54,2021-01-30 19:43:54,2021-01-30 19:43:54,2021-01-30 19:43:54,60.3778,92.6267,-38.34,76,0,1.16
94,Victoria,HK,2021-01-30 19:40:40,2021-01-30 19:40:40,2021-01-30 19:40:40,2021-01-30 19:40:40,22.2855,114.1577,62.01,75,17,16.89
95,Komsomolskiy,UZ,2021-01-30 19:43:55,2021-01-30 19:43:55,2021-01-30 19:43:55,2021-01-30 19:43:55,40.4272,71.7189,37.4,44,100,6.91
96,Paamiut,GL,2021-01-30 19:43:55,2021-01-30 19:43:55,2021-01-30 19:43:55,2021-01-30 19:43:55,61.994,-49.6678,28.4,88,99,14.76
97,De-Kastri,RU,2021-01-30 19:43:55,2021-01-30 19:43:55,2021-01-30 19:43:55,2021-01-30 19:43:55,51.4667,140.7833,-1.77,88,100,10.78
98,Tobetsu,JP,2021-01-30 19:42:48,2021-01-30 19:42:48,2021-01-30 19:42:48,2021-01-30 19:42:48,43.2169,141.5169,19.99,65,61,13.58
99,Shafter,US,2021-01-30 19:43:55,2021-01-30 19:43:55,2021-01-30 19:43:55,2021-01-30 19:43:55,35.5005,-119.2718,59.0,50,1,3.4
100,Constantine,DZ,2021-01-30 19:43:55,2021-01-30 19:43:55,2021-01-30 19:43:55,2021-01-30 19:43:55,36.365,6.6147,60.8,44,0,11.5
101,Avarua,CK,2021-01-30 19:43:56,2021-01-30 19:43:56,2021-01-30 19:43:56,2021-01-30 19:43:56,-21.2078,-159.775,84.2,70,100,3.44
102,Alofi,NU,2021-01-30 19:43:56,2021-01-30 19:43:56,2021-01-30 19:43:56,2021-01-30 19:43:56,-19.0595,-169.9187,77.0,94,100,5.75
103,Samana,DO,2021-01-30 19:43:56,2021-01-30 19:43:56,2021-01-30 19:43:56,2021-01-30 19:43:56,19.2056,-69.3369,82.4,78,75,11.5
104,Thompson,CA,2021-01-30 19:43:56,2021-01-30 19:43:56,2021-01-30 19:43:56,2021-01-30 19:43:56,55.7435,-97.8558,14.0,85,90,2.3
105,Plymouth,US,2021-01-30 19:43:56,2021-01-30 19:43:56,2021-01-30 19:43:56,2021-01-30 19:43:56,41.8334,-70.8328,23.0,45,1,9.22
106,Kaeo,NZ,2021-01-30 19:43:56,2021-01-30 19:43:56,2021-01-30 19:43:56,2021-01-30 19:43:56,-35.1,173.7833,62.01,82,0,3.0
107,Ponta Do Sol,PT,2021-01-30 19:43:57,2021-01-30 19:43:57,2021-01-30 19:43:57,2021-01-30 19:43:57,32.6667,-17.1,62.01,75,65,1.68
108,Touros,BR,2021-01-30 19:43:57,2021-01-30 19:43:57,2021-01-30 19:43:57,2021-01-30 19:43:57,-5.1989,-35.4608,86.0,58,20,12.66
109,Santa Vitoria Do Palmar,BR,2021-01-30 19:42:24,2021-01-30 19:42:24,2021-01-30 19:42:24,2021-01-30 19:42:24,-33.5189,-53.3681,80.13,61,6,13.67
110,Baruun-Urt,MN,2021-01-30 19:43:57,2021-01-30 19:43:57,2021-01-30 19:43:57,2021-01-30 19:43:57,46.6806,113.2792,2.21,94,100,4.99
111,Taltal,CL,2021-01-30 19:43:58,2021-01-30 19:43:58,2021-01-30 19:43:58,2021-01-30 19:43:58,-25.4,-70.4833,71.6,57,22,5.3
112,Zilupe,LV,2021-01-30 19:43:58,2021-01-30 19:43:58,2021-01-30 19:43:58,2021-01-30 19:43:58,56.3862,28.1217,23.7,98,97,5.64
113,Maple Creek,CA,2021-01-30 19:43:58,2021-01-30 19:43:58,2021-01-30 19:43:58,2021-01-30 19:43:58,49.9168,-109.4848,30.2,85,0,3.44
114,Fortuna,US,2021-01-30 19:43:58,2021-01-30 19:43:58,2021-01-30 19:43:58,2021-01-30 19:43:58,40.5982,-124.1573,55.0,71,90,24.16
115,Fare,PF,2021-01-30 19:43:58,2021-01-30 19:43:58,2021-01-30 19:43:58,2021-01-30 19:43:58,-16.7,-151.0167,80.98,68,25,3.94
116,Sao Joao Da Barra,BR,2021-01-30 19:43:58,2021-01-30 19:43:58,2021-01-30 19:43:58,2021-01-30 19:43:58,-21.6403,-41.0511,86.0,48,0,23.02
117,Sheregesh,RU,2021-01-30 19:43:59,2021-01-30 19:43:59,2021-01-30 19:43:59,2021-01-30 19:43:59,52.9209,87.9869,1.02,94,98,1.7
118,Mount Gambier,AU,2021-01-30 19:43:59,2021-01-30 19:43:59,2021-01-30 19:43:59,2021-01-30 19:43:59,-37.8333,140.7667,50.0,93,1,2.77
119,Changli,CN,2021-01-30 19:43:59,2021-01-30 19:43:59,2021-01-30 19:43:59,2021-01-30 19:43:59,39.7042,119.1506,20.53,88,97,8.93
120,Niamey,NE,2021-01-30 19:42:20,2021-01-30 19:42:20,2021-01-30 19:42:20,2021-01-30 19:42:20,13.5137,2.1098,84.2,9,15,5.75
121,Dali,CN,2021-01-30 19:43:59,2021-01-30 19:43:59,2021-01-30 19:43:59,2021-01-30 19:43:59,25.7,100.1833,42.66,79,0,5.01
122,Jacobina,BR,2021-01-30 19:43:59,2021-01-30 19:43:59,2021-01-30 19:43:59,2021-01-30 19:43:59,-11.1806,-40.5183,88.92,33,100,8.34
123,Siva,EG,2021-01-30 19:44:00,2021-01-30 19:44:00,2021-01-30 19:44:00,2021-01-30 19:44:00,29.2041,25.5195,59.97,46,0,9.46
124,Hobyo,SO,2021-01-30 19:44:00,2021-01-30 19:44:00,2021-01-30 19:44:00,2021-01-30 19:44:00,5.3505,48.5268,75.43,78,26,14.05
125,Statesville,US,2021-01-30 19:41:21,2021-01-30 19:41:21,2021-01-30 19:41:21,2021-01-30 19:41:21,35.7826,-80.8873,46.0,42,40,3.44
126,Mogadishu,SO,2021-01-30 19:44:00,2021-01-30 19:44:00,2021-01-30 19:44:00,2021-01-30 19:44:00,2.0371,45.3438,76.05,80,0,20.87
127,Dikson,RU,2021-01-30 19:44:00,2021-01-30 19:44:00,2021-01-30 19:44:00,2021-01-30 19:44:00,73.5069,80.5464,-35.5,82,0,9.01
128,Bandarbeyla,SO,2021-01-30 19:44:00,2021-01-30 19:44:00,2021-01-30 19:44:00,2021-01-30 19:44:00,9.4942,50.8122,74.05,74,9,14.07
129,Namibe,AO,2021-01-30 19:44:00,2021-01-30 19:44:00,2021-01-30 19:44:00,2021-01-30 19:44:00,-15.1961,12.1522,73.72,78,64,9.69
130,Gat,IL,2021-01-30 19:44:01,2021-01-30 19:44:01,2021-01-30 19:44:01,2021-01-30 19:44:01,31.61,34.7642,55.0,57,0,1.01
131,Kodiak,US,2021-01-30 19:44:01,2021-01-30 19:44:01,2021-01-30 19:44:01,2021-01-30 19:44:01,57.79,-152.4072,30.2,59,1,23.02
132,Souillac,MU,2021-01-30 19:44:01,2021-01-30 19:44:01,2021-01-30 19:44:01,2021-01-30 19:44:01,-20.5167,57.5167,78.8,89,20,5.75
133,Yellowknife,CA,2021-01-30 19:41:58,2021-01-30 19:41:58,2021-01-30 19:41:58,2021-01-30 19:41:58,62.456,-114.3525,-9.99,76,40,4.61
134,Ayagoz,KZ,2021-01-30 19:44:01,2021-01-30 19:44:01,2021-01-30 19:44:01,2021-01-30 19:44:01,47.9714,80.4392,15.78,87,48,14.45
135,Celestun,MX,2021-01-30 19:44:01,2021-01-30 19:44:01,2021-01-30 19:44:01,2021-01-30 19:44:01,20.8667,-90.4,79.54,49,100,2.64
136,Shimoda,JP,2021-01-30 19:44:02,2021-01-30 19:44:02,2021-01-30 19:44:02,2021-01-30 19:44:02,34.6667,138.95,35.01,79,0,1.99
137,Puerto Escondido,MX,2021-01-30 19:44:02,2021-01-30 19:44:02,2021-01-30 19:44:02,2021-01-30 19:44:02,15.85,-97.0667,85.19,47,100,7.36
138,Kiama,AU,2021-01-30 19:44:02,2021-01-30 19:44:02,2021-01-30 19:44:02,2021-01-30 19:44:02,-34.6833,150.8667,71.01,94,94,1.01
139,Chara,RU,2021-01-30 19:44:02,2021-01-30 19:44:02,2021-01-30 19:44:02,2021-01-30 19:44:02,56.9064,118.2631,-29.61,79,100,1.14
140,Porto Novo,BJ,2021-01-30 19:44:02,2021-01-30 19:44:02,2021-01-30 19:44:02,2021-01-30 19:44:02,6.4965,2.6036,84.2,84,20,11.5
141,Deputatskiy,RU,2021-01-30 19:44:02,2021-01-30 19:44:02,2021-01-30 19:44:02,2021-01-30 19:44:02,69.3,139.9,-32.04,86,90,1.5
142,Dutlwe,BW,2021-01-30 19:44:03,2021-01-30 19:44:03,2021-01-30 19:44:03,2021-01-30 19:44:03,-23.9833,23.9,76.06,66,83,6.11
143,Baijiantan,CN,2021-01-30 19:44:03,2021-01-30 19:44:03,2021-01-30 19:44:03,2021-01-30 19:44:03,45.6333,85.1833,6.06,93,2,2.46
144,Coruripe,BR,2021-01-30 19:42:25,2021-01-30 19:42:25,2021-01-30 19:42:25,2021-01-30 19:42:25,-10.1256,-36.1756,81.23,72,92,11.39
145,Las Vegas,US,2021-01-30 19:42:44,2021-01-30 19:42:44,2021-01-30 19:42:44,2021-01-30 19:42:44,36.175,-115.1372,54.0,50,1,5.75
146,Saldanha,ZA,2021-01-30 19:44:03,2021-01-30 19:44:03,2021-01-30 19:44:03,2021-01-30 19:44:03,-33.0117,17.9442,64.56,89,0,8.77
147,Mahebourg,MU,2021-01-30 19:44:03,2021-01-30 19:44:03,2021-01-30 19:44:03,2021-01-30 19:44:03,-20.4081,57.7,78.8,89,20,5.75
148,Cape Town,ZA,2021-01-30 19:44:03,2021-01-30 19:44:03,2021-01-30 19:44:03,2021-01-30 19:44:03,-33.9258,18.4232,72.0,68,20,9.22
149,Tahoua,NE,2021-01-30 19:44:04,2021-01-30 19:44:04,2021-01-30 19:44:04,2021-01-30 19:44:04,14.8888,5.2692,73.44,17,38,10.85
150,Lazaro Cardenas,MX,2021-01-30 19:44:04,2021-01-30 19:44:04,2021-01-30 19:44:04,2021-01-30 19:44:04,17.9583,-102.2,84.24,59,4,8.72
151,Ettaiyapuram,IN,2021-01-30 19:44:04,2021-01-30 19:44:04,2021-01-30 19:44:04,2021-01-30 19:44:04,9.1441,77.9907,75.16,80,0,8.39
152,Inhambane,MZ,2021-01-30 19:44:04,2021-01-30 19:44:04,2021-01-30 19:44:04,2021-01-30 19:44:04,-23.865,35.3833,79.56,77,32,6.98
153,Popondetta,PG,2021-01-30 19:44:04,2021-01-30 19:44:04,2021-01-30 19:44:04,2021-01-30 19:44:04,-8.7537,148.2534,75.67,90,97,2.53
154,Port Elizabeth,ZA,2021-01-30 19:42:25,2021-01-30 19:42:25,2021-01-30 19:42:25,2021-01-30 19:42:25,-33.918,25.5701,64.4,94,40,5.75
155,Salisbury,GB,2021-01-30 19:43:00,2021-01-30 19:43:00,2021-01-30 19:43:00,2021-01-30 19:43:00,51.0693,-1.7957,39.99,93,90,17.27
156,Middelburg,ZA,2021-01-30 19:43:54,2021-01-30 19:43:54,2021-01-30 19:43:54,2021-01-30 19:43:54,-25.7751,29.4648,66.56,75,0,0.69
157,Zhigansk,RU,2021-01-30 19:44:05,2021-01-30 19:44:05,2021-01-30 19:44:05,2021-01-30 19:44:05,66.7697,123.3711,-49.49,76,52,1.52
158,Katsuura,JP,2021-01-30 19:44:05,2021-01-30 19:44:05,2021-01-30 19:44:05,2021-01-30 19:44:05,35.1333,140.3,35.6,60,20,3.44
159,Ostrovnoy,RU,2021-01-30 19:44:05,2021-01-30 19:44:05,2021-01-30 19:44:05,2021-01-30 19:44:05,68.0531,39.5131,13.21,95,100,10.49
160,Lieksa,FI,2021-01-30 19:44:05,2021-01-30 19:44:05,2021-01-30 19:44:05,2021-01-30 19:44:05,63.3167,30.0167,19.53,96,100,3.78
161,Constitucion,CL,2021-01-30 19:39:16,2021-01-30 19:39:16,2021-01-30 19:39:16,2021-01-30 19:39:16,-35.3333,-72.4167,66.43,80,72,5.93
162,Pitimbu,BR,2021-01-30 19:40:25,2021-01-30 19:40:25,2021-01-30 19:40:25,2021-01-30 19:40:25,-7.4706,-34.8086,84.2,70,40,14.97
163,Pevek,RU,2021-01-30 19:44:06,2021-01-30 19:44:06,2021-01-30 19:44:06,2021-01-30 19:44:06,69.7008,170.3133,-33.75,84,4,1.41
164,Cidreira,BR,2021-01-30 19:44:06,2021-01-30 19:44:06,2021-01-30 19:44:06,2021-01-30 19:44:06,-30.1811,-50.2056,80.02,84,100,8.59
165,Tautira,PF,2021-01-30 19:44:06,2021-01-30 19:44:06,2021-01-30 19:44:06,2021-01-30 19:44:06,-17.7333,-149.15,86.0,62,75,6.91
166,Totma,RU,2021-01-30 19:44:06,2021-01-30 19:44:06,2021-01-30 19:44:06,2021-01-30 19:44:06,59.9747,42.7642,19.22,97,100,7.54
167,Villa Sandino,NI,2021-01-30 19:44:07,2021-01-30 19:44:07,2021-01-30 19:44:07,2021-01-30 19:44:07,12.0483,-84.9936,89.6,51,20,6.91
168,Smithers,CA,2021-01-30 19:41:21,2021-01-30 19:41:21,2021-01-30 19:41:21,2021-01-30 19:41:21,54.7804,-127.1743,15.8,73,75,5.75
169,Upernavik,GL,2021-01-30 19:44:07,2021-01-30 19:44:07,2021-01-30 19:44:07,2021-01-30 19:44:07,72.7868,-56.1549,-9.98,85,0,7.61
170,Agadez,NE,2021-01-30 19:44:07,2021-01-30 19:44:07,2021-01-30 19:44:07,2021-01-30 19:44:07,19.75,10.25,56.64,32,35,2.3
171,Georgetown,MY,2021-01-30 19:44:07,2021-01-30 19:44:07,2021-01-30 19:44:07,2021-01-30 19:44:07,5.4112,100.3354,78.8,83,20,3.44
172,Roma,US,2021-01-30 19:39:08,2021-01-30 19:39:08,2021-01-30 19:39:08,2021-01-30 19:39:08,43.2128,-75.4557,17.6,62,90,13.8
173,Nome,US,2021-01-30 19:44:07,2021-01-30 19:44:07,2021-01-30 19:44:07,2021-01-30 19:44:07,64.5011,-165.4064,-13.0,77,1,4.61
174,Acapulco,MX,2021-01-30 19:40:55,2021-01-30 19:40:55,2021-01-30 19:40:55,2021-01-30 19:40:55,16.8634,-99.8901,84.2,70,75,8.05
175,Saskylakh,RU,2021-01-30 19:44:08,2021-01-30 19:44:08,2021-01-30 19:44:08,2021-01-30 19:44:08,71.9167,114.0833,-36.35,80,100,9.62
176,Caibarien,CU,2021-01-30 19:44:08,2021-01-30 19:44:08,2021-01-30 19:44:08,2021-01-30 19:44:08,22.5206,-79.4669,75.2,53,75,16.11
177,Nizwa,OM,2021-01-30 19:44:08,2021-01-30 19:44:08,2021-01-30 19:44:08,2021-01-30 19:44:08,22.9333,57.5333,59.25,47,0,3.87
178,Zapolyarnyy,RU,2021-01-30 19:44:08,2021-01-30 19:44:08,2021-01-30 19:44:08,2021-01-30 19:44:08,69.4154,30.8136,24.8,86,90,12.66
179,Dwarka,IN,2021-01-30 19:44:08,2021-01-30 19:44:08,2021-01-30 19:44:08,2021-01-30 19:44:08,22.2394,68.9678,67.44,51,0,11.36
180,Bambous Virieux,MU,2021-01-30 19:44:08,2021-01-30 19:44:08,2021-01-30 19:44:08,2021-01-30 19:44:08,-20.3428,57.7575,79.0,89,20,5.75
181,Cockburn Town,TC,2021-01-30 19:44:08,2021-01-30 19:44:08,2021-01-30 19:44:08,2021-01-30 19:44:08,21.4612,-71.1419,75.2,46,20,11.5
182,Joensuu,FI,2021-01-30 19:44:09,2021-01-30 19:44:09,2021-01-30 19:44:09,2021-01-30 19:44:09,62.6012,29.7632,23.0,93,20,4.61
183,Camana,PE,2021-01-30 19:44:09,2021-01-30 19:44:09,2021-01-30 19:44:09,2021-01-30 19:44:09,-16.6228,-72.7111,74.66,61,82,8.5
184,Kieta,PG,2021-01-30 19:44:09,2021-01-30 19:44:09,2021-01-30 19:44:09,2021-01-30 19:44:09,-6.2167,155.6333,80.98,79,88,13.6
185,Si Bun Ruang,TH,2021-01-30 19:44:09,2021-01-30 19:44:09,2021-01-30 19:44:09,2021-01-30 19:44:09,16.9667,102.2833,65.89,66,11,4.34
186,Lehututu,BW,2021-01-30 19:44:09,2021-01-30 19:44:09,2021-01-30 19:44:09,2021-01-30 19:44:09,-23.9667,21.8667,78.24,52,78,8.37
187,Gamba,GA,2021-01-30 19:44:09,2021-01-30 19:44:09,2021-01-30 19:44:09,2021-01-30 19:44:09,-2.65,10.0,78.28,86,100,6.4
188,Los Llanos De Aridane,ES,2021-01-30 19:44:09,2021-01-30 19:44:09,2021-01-30 19:44:09,2021-01-30 19:44:09,28.6585,-17.9182,64.4,77,75,13.8
189,Boueni,YT,2021-01-30 19:44:10,2021-01-30 19:44:10,2021-01-30 19:44:10,2021-01-30 19:44:10,-12.9025,45.0761,78.8,89,75,2.3
190,Pendleton,US,2021-01-30 19:41:13,2021-01-30 19:41:13,2021-01-30 19:41:13,2021-01-30 19:41:13,45.6721,-118.7886,53.01,57,1,6.91
191,Leeds,GB,2021-01-30 19:42:32,2021-01-30 19:42:32,2021-01-30 19:42:32,2021-01-30 19:42:32,53.7964,-1.5477,36.0,32,92,10.8
192,Chokurdakh,RU,2021-01-30 19:44:10,2021-01-30 19:44:10,2021-01-30 19:44:10,2021-01-30 19:44:10,70.6333,147.9167,-28.95,86,36,7.52
193,San Jeronimo,PE,2021-01-30 19:44:10,2021-01-30 19:44:10,2021-01-30 19:44:10,2021-01-30 19:44:10,-11.9472,-75.2829,52.59,71,100,6.11
194,Samarinda,ID,2021-01-30 19:44:10,2021-01-30 19:44:10,2021-01-30 19:44:10,2021-01-30 19:44:10,-0.5,117.15,71.31,97,100,1.95
195,Kloulklubed,PW,2021-01-30 19:44:11,2021-01-30 19:44:11,2021-01-30 19:44:11,2021-01-30 19:44:11,7.0419,134.2556,78.8,83,75,4.61
196,Haapiti,PF,2021-01-30 19:44:11,2021-01-30 19:44:11,2021-01-30 19:44:11,2021-01-30 19:44:11,-17.5667,-149.8667,86.0,62,75,6.91
197,Geraldton,AU,2021-01-30 19:44:11,2021-01-30 19:44:11,2021-01-30 19:44:11,2021-01-30 19:44:11,-28.7667,114.6,84.2,24,0,18.41
198,Aranos,NA,2021-01-30 19:44:11,2021-01-30 19:44:11,2021-01-30 19:44:11,2021-01-30 19:44:11,-24.1333,19.1167,81.03,16,0,8.97
199,Vao,NC,2021-01-30 19:44:11,2021-01-30 19:44:11,2021-01-30 19:44:11,2021-01-30 19:44:11,-22.6667,167.4833,75.31,83,63,26.17
200,Zyryanka,RU,2021-01-30 19:44:11,2021-01-30 19:44:11,2021-01-30 19:44:11,2021-01-30 19:44:11,65.75,150.85,-33.25,83,100,11.5
201,Castelo,BR,2021-01-30 19:44:12,2021-01-30 19:44:12,2021-01-30 19:44:12,2021-01-30 19:44:12,-20.6036,-41.1847,84.27,65,73,1.59
202,Luzhou,CN,2021-01-30 19:44:12,2021-01-30 19:44:12,2021-01-30 19:44:12,2021-01-30 19:44:12,28.8724,105.4405,52.63,70,100,2.55
203,Makakilo City,US,2021-01-30 19:44:12,2021-01-30 19:44:12,2021-01-30 19:44:12,2021-01-30 19:44:12,21.3469,-158.0858,73.4,73,75,4.61
204,Mitsamiouli,KM,2021-01-30 19:44:12,2021-01-30 19:44:12,2021-01-30 19:44:12,2021-01-30 19:44:12,-11.3847,43.2844,82.38,76,100,9.13
205,Kruisfontein,ZA,2021-01-30 19:44:12,2021-01-30 19:44:12,2021-01-30 19:44:12,2021-01-30 19:44:12,-34.0033,24.7314,66.99,76,1,1.63
206,Luderitz,NA,2021-01-30 19:44:12,2021-01-30 19:44:12,2021-01-30 19:44:12,2021-01-30 19:44:12,-26.6481,15.1594,69.37,58,9,26.73
207,Kem,RU,2021-01-30 19:44:12,2021-01-30 19:44:12,2021-01-30 19:44:12,2021-01-30 19:44:12,64.9555,34.5793,15.98,97,100,3.78
208,Grindavik,IS,2021-01-30 19:44:13,2021-01-30 19:44:13,2021-01-30 19:44:13,2021-01-30 19:44:13,63.8424,-22.4338,24.8,68,40,18.41
209,Vila Franca Do Campo,PT,2021-01-30 19:44:13,2021-01-30 19:44:13,2021-01-30 19:44:13,2021-01-30 19:44:13,37.7167,-25.4333,63.0,94,75,14.97
210,Molodizhne,UA,2021-01-30 19:44:13,2021-01-30 19:44:13,2021-01-30 19:44:13,2021-01-30 19:44:13,48.1773,32.6601,42.8,87,90,13.42
211,Anadyr,RU,2021-01-30 19:44:13,2021-01-30 19:44:13,2021-01-30 19:44:13,2021-01-30 19:44:13,64.75,177.4833,-5.8,65,93,15.66
212,Pisco,PE,2021-01-30 19:44:13,2021-01-30 19:44:13,2021-01-30 19:44:13,2021-01-30 19:44:13,-13.7,-76.2167,80.01,65,0,6.91
213,Faanui,PF,2021-01-30 19:44:13,2021-01-30 19:44:13,2021-01-30 19:44:13,2021-01-30 19:44:13,-16.4833,-151.75,81.1,68,95,4.29
214,Coihueco,CL,2021-01-30 19:44:14,2021-01-30 19:44:14,2021-01-30 19:44:14,2021-01-30 19:44:14,-36.6167,-71.8333,73.4,68,75,8.05
215,Moose Factory,CA,2021-01-30 19:44:14,2021-01-30 19:44:14,2021-01-30 19:44:14,2021-01-30 19:44:14,51.2585,-80.6094,1.4,78,40,2.3
216,Aykhal,RU,2021-01-30 19:44:14,2021-01-30 19:44:14,2021-01-30 19:44:14,2021-01-30 19:44:14,66.0,111.5,-37.35,79,49,12.53
217,Skelleftea,SE,2021-01-30 19:44:14,2021-01-30 19:44:14,2021-01-30 19:44:14,2021-01-30 19:44:14,64.7507,20.9528,16.0,86,90,8.05
218,Saiki,JP,2021-01-30 19:44:14,2021-01-30 19:44:14,2021-01-30 19:44:14,2021-01-30 19:44:14,32.95,131.9,41.54,69,0,7.0
219,Tshikapa,CD,2021-01-30 19:44:15,2021-01-30 19:44:15,2021-01-30 19:44:15,2021-01-30 19:44:15,-6.4167,20.8,73.26,92,100,0.76
220,Bengkulu,ID,2021-01-30 19:44:15,2021-01-30 19:44:15,2021-01-30 19:44:15,2021-01-30 19:44:15,-3.8004,102.2655,75.34,88,100,5.84
221,Revelstoke,CA,2021-01-30 19:44:15,2021-01-30 19:44:15,2021-01-30 19:44:15,2021-01-30 19:44:15,50.9832,-118.2023,28.4,86,90,4.0
222,Egvekinot,RU,2021-01-30 19:44:15,2021-01-30 19:44:15,2021-01-30 19:44:15,2021-01-30 19:44:15,66.3167,-179.1667,-26.23,83,0,10.11
223,San Policarpo,PH,2021-01-30 19:44:15,2021-01-30 19:44:15,2021-01-30 19:44:15,2021-01-30 19:44:15,12.1791,125.5072,78.53,80,100,18.63
224,Valparaiso,CL,2021-01-30 19:44:16,2021-01-30 19:44:16,2021-01-30 19:44:16,2021-01-30 19:44:16,-33.0393,-71.6273,68.0,83,75,10.36
225,La Paz,BO,2021-01-30 19:40:31,2021-01-30 19:40:31,2021-01-30 19:40:31,2021-01-30 19:40:31,-16.5,-68.15,60.39,42,76,5.21
226,Clinton,US,2021-01-30 19:42:27,2021-01-30 19:42:27,2021-01-30 19:42:27,2021-01-30 19:42:27,42.587,-82.9199,28.99,80,90,9.22
227,Hofn,IS,2021-01-30 19:44:16,2021-01-30 19:44:16,2021-01-30 19:44:16,2021-01-30 19:44:16,64.2539,-15.2082,21.24,88,98,22.57
228,Berlevag,NO,2021-01-30 19:44:16,2021-01-30 19:44:16,2021-01-30 19:44:16,2021-01-30 19:44:16,70.8578,29.0864,25.11,96,100,23.02
229,Tuktoyaktuk,CA,2021-01-30 19:44:16,2021-01-30 19:44:16,2021-01-30 19:44:16,2021-01-30 19:44:16,69.4541,-133.0374,-36.4,74,40,1.54
230,San Quintin,MX,2021-01-30 19:44:16,2021-01-30 19:44:16,2021-01-30 19:44:16,2021-01-30 19:44:16,30.4833,-115.95,60.93,53,0,6.69
231,Nouadhibou,MR,2021-01-30 19:44:16,2021-01-30 19:44:16,2021-01-30 19:44:16,2021-01-30 19:44:16,20.931,-17.0347,73.4,56,40,10.36
232,Carnarvon,AU,2021-01-30 19:44:17,2021-01-30 19:44:17,2021-01-30 19:44:17,2021-01-30 19:44:17,-24.8667,113.6333,80.6,94,25,11.5
233,Nouakchott,MR,2021-01-30 19:44:17,2021-01-30 19:44:17,2021-01-30 19:44:17,2021-01-30 19:44:17,18.0858,-15.9785,86.0,7,28,10.36
234,Salalah,OM,2021-01-30 19:44:17,2021-01-30 19:44:17,2021-01-30 19:44:17,2021-01-30 19:44:17,17.0151,54.0924,71.6,56,0,5.75
235,Le Portel,FR,2021-01-30 19:44:17,2021-01-30 19:44:17,2021-01-30 19:44:17,2021-01-30 19:44:17,50.7056,1.5757,37.4,93,90,18.41
236,Siguiri,GN,2021-01-30 19:44:17,2021-01-30 19:44:17,2021-01-30 19:44:17,2021-01-30 19:44:17,11.6667,-9.5,79.97,15,0,2.44
237,Rajampet,IN,2021-01-30 19:44:17,2021-01-30 19:44:17,2021-01-30 19:44:17,2021-01-30 19:44:17,14.1833,79.1667,67.8,79,95,4.18
238,Aksu,CN,2021-01-30 19:44:18,2021-01-30 19:44:18,2021-01-30 19:44:18,2021-01-30 19:44:18,41.1231,80.2644,18.43,82,0,1.61
239,Kenai,US,2021-01-30 19:44:18,2021-01-30 19:44:18,2021-01-30 19:44:18,2021-01-30 19:44:18,60.5544,-151.2583,14.0,71,1,4.9
240,Jasper,US,2021-01-30 19:43:55,2021-01-30 19:43:55,2021-01-30 19:43:55,2021-01-30 19:43:55,37.2001,-94.3502,52.0,87,90,13.8
241,Tyrma,RU,2021-01-30 19:44:18,2021-01-30 19:44:18,2021-01-30 19:44:18,2021-01-30 19:44:18,50.0833,132.1667,-27.78,83,32,2.68
242,Rocha,UY,2021-01-30 19:44:18,2021-01-30 19:44:18,2021-01-30 19:44:18,2021-01-30 19:44:18,-34.4833,-54.3333,75.47,70,100,17.6
243,Qaqortoq,GL,2021-01-30 19:44:18,2021-01-30 19:44:18,2021-01-30 19:44:18,2021-01-30 19:44:18,60.7167,-46.0333,41.0,33,75,37.98
244,Nikolskoye,RU,2021-01-30 19:44:19,2021-01-30 19:44:19,2021-01-30 19:44:19,2021-01-30 19:44:19,59.7035,30.7861,28.4,93,75,4.47
245,Muros,ES,2021-01-30 19:44:19,2021-01-30 19:44:19,2021-01-30 19:44:19,2021-01-30 19:44:19,42.7762,-9.0603,55.0,80,99,5.01
246,Cherskiy,RU,2021-01-30 19:44:19,2021-01-30 19:44:19,2021-01-30 19:44:19,2021-01-30 19:44:19,68.75,161.3,-37.08,83,9,1.81
247,Axim,GH,2021-01-30 19:44:19,2021-01-30 19:44:19,2021-01-30 19:44:19,2021-01-30 19:44:19,4.8699,-2.2405,80.13,83,43,7.76
248,Westport,US,2021-01-30 19:44:19,2021-01-30 19:44:19,2021-01-30 19:44:19,2021-01-30 19:44:19,41.1415,-73.3579,30.0,34,1,14.97
249,Northam,GB,2021-01-30 19:44:19,2021-01-30 19:44:19,2021-01-30 19:44:19,2021-01-30 19:44:19,51.0333,-4.2167,41.0,91,58,18.01
250,Kirkwall,GB,2021-01-30 19:44:19,2021-01-30 19:44:19,2021-01-30 19:44:19,2021-01-30 19:44:19,58.9848,-2.9587,33.8,86,95,6.91
251,Ilulissat,GL,2021-01-30 19:44:19,2021-01-30 19:44:19,2021-01-30 19:44:19,2021-01-30 19:44:19,69.2167,-51.1,5.0,56,75,1.14
252,Khasan,RU,2021-01-30 19:44:20,2021-01-30 19:44:20,2021-01-30 19:44:20,2021-01-30 19:44:20,42.4308,130.6434,5.97,87,0,11.43
253,Launceston,AU,2021-01-30 19:41:32,2021-01-30 19:41:32,2021-01-30 19:41:32,2021-01-30 19:41:32,-41.45,147.1667,57.2,72,90,6.91
254,Channel-Port Aux Basques,CA,2021-01-30 19:44:20,2021-01-30 19:44:20,2021-01-30 19:44:20,2021-01-30 19:44:20,47.5702,-59.1367,27.25,94,100,16.08
255,Richards Bay,ZA,2021-01-30 19:43:58,2021-01-30 19:43:58,2021-01-30 19:43:58,2021-01-30 19:43:58,-28.783,32.0377,75.72,83,100,5.32
256,Washougal,US,2021-01-30 19:44:20,2021-01-30 19:44:20,2021-01-30 19:44:20,2021-01-30 19:44:20,45.5826,-122.3534,46.0,76,90,18.41
257,Puerto Baquerizo Moreno,EC,2021-01-30 19:42:19,2021-01-30 19:42:19,2021-01-30 19:42:19,2021-01-30 19:42:19,-0.9,-89.6,84.2,74,40,10.36
258,Jawhar,SO,2021-01-30 19:44:21,2021-01-30 19:44:21,2021-01-30 19:44:21,2021-01-30 19:44:21,2.7809,45.5005,71.37,84,0,14.29
259,Aldan,RU,2021-01-30 19:44:21,2021-01-30 19:44:21,2021-01-30 19:44:21,2021-01-30 19:44:21,58.6031,125.3894,-39.71,79,100,2.55
260,Andrelandia,BR,2021-01-30 19:44:21,2021-01-30 19:44:21,2021-01-30 19:44:21,2021-01-30 19:44:21,-21.7397,-44.3092,76.57,76,94,3.18
261,Salta,AR,2021-01-30 19:42:45,2021-01-30 19:42:45,2021-01-30 19:42:45,2021-01-30 19:42:45,-24.7859,-65.4117,91.4,35,40,10.36
262,Arlit,NE,2021-01-30 19:44:21,2021-01-30 19:44:21,2021-01-30 19:44:21,2021-01-30 19:44:21,18.7369,7.3853,68.43,19,98,6.22
263,Hong Gai,VN,2021-01-30 19:44:21,2021-01-30 19:44:21,2021-01-30 19:44:21,2021-01-30 19:44:21,20.956,107.0946,64.4,88,40,5.75
264,Itarema,BR,2021-01-30 19:44:21,2021-01-30 19:44:21,2021-01-30 19:44:21,2021-01-30 19:44:21,-2.9248,-39.9167,82.69,70,63,16.22
265,Santa Fe,AR,2021-01-30 19:41:30,2021-01-30 19:41:30,2021-01-30 19:41:30,2021-01-30 19:41:30,-31.6333,-60.7,75.0,77,100,10.0
266,La Serena,CL,2021-01-30 19:43:57,2021-01-30 19:43:57,2021-01-30 19:43:57,2021-01-30 19:43:57,-29.9078,-71.2542,66.2,82,75,13.8
267,Gemena,CD,2021-01-30 19:44:22,2021-01-30 19:44:22,2021-01-30 19:44:22,2021-01-30 19:44:22,3.25,19.7667,78.46,46,100,2.19
268,Nabire,ID,2021-01-30 19:44:22,2021-01-30 19:44:22,2021-01-30 19:44:22,2021-01-30 19:44:22,-3.3667,135.4833,76.05,87,100,2.44
269,Ulaanbaatar,MN,2021-01-30 19:44:22,2021-01-30 19:44:22,2021-01-30 19:44:22,2021-01-30 19:44:22,47.9077,106.8832,-2.2,84,82,2.24
270,Isugod,PH,2021-01-30 19:44:22,2021-01-30 19:44:22,2021-01-30 19:44:22,2021-01-30 19:44:22,9.3408,118.1196,76.06,81,78,6.35
271,Gizo,SB,2021-01-30 19:44:22,2021-01-30 19:44:22,2021-01-30 19:44:22,2021-01-30 19:44:22,-8.103,156.8419,83.89,77,100,20.47
272,Guerrero Negro,MX,2021-01-30 19:44:22,2021-01-30 19:44:22,2021-01-30 19:44:22,2021-01-30 19:44:22,27.9769,-114.0611,64.18,48,28,15.14
273,San Patricio,US,2021-01-30 19:44:23,2021-01-30 19:44:23,2021-01-30 19:44:23,2021-01-30 19:44:23,28.017,-97.5169,82.99,65,75,26.46
274,Ust-Ilimsk,RU,2021-01-30 19:44:23,2021-01-30 19:44:23,2021-01-30 19:44:23,2021-01-30 19:44:23,58.0006,102.6619,-42.57,79,59,2.86
275,Rudsar,IR,2021-01-30 19:44:23,2021-01-30 19:44:23,2021-01-30 19:44:23,2021-01-30 19:44:23,37.1376,50.288,50.0,93,40,2.3
276,Weligama,LK,2021-01-30 19:44:23,2021-01-30 19:44:23,2021-01-30 19:44:23,2021-01-30 19:44:23,5.9667,80.4167,76.35,87,100,2.95
277,Whitehorse,CA,2021-01-30 19:42:54,2021-01-30 19:42:54,2021-01-30 19:42:54,2021-01-30 19:42:54,60.7161,-135.0538,-13.0,84,75,3.44
278,Takayama,JP,2021-01-30 19:44:24,2021-01-30 19:44:24,2021-01-30 19:44:24,2021-01-30 19:44:24,36.1333,137.25,37.0,83,100,1.99
279,Warri,NG,2021-01-30 19:43:44,2021-01-30 19:43:44,2021-01-30 19:43:44,2021-01-30 19:43:44,5.5167,5.75,81.25,75,0,5.97
280,Amahai,ID,2021-01-30 19:44:24,2021-01-30 19:44:24,2021-01-30 19:44:24,2021-01-30 19:44:24,-3.3333,128.9167,77.86,81,100,4.81
281,Itau De Minas,BR,2021-01-30 19:44:24,2021-01-30 19:44:24,2021-01-30 19:44:24,2021-01-30 19:44:24,-20.7394,-46.7522,83.01,61,88,2.26
282,Saint-Augustin,CA,2021-01-30 19:44:24,2021-01-30 19:44:24,2021-01-30 19:44:24,2021-01-30 19:44:24,51.226,-58.6502,30.52,94,87,11.36
283,Talakan,RU,2021-01-30 19:44:24,2021-01-30 19:44:24,2021-01-30 19:44:24,2021-01-30 19:44:24,50.3167,130.3667,-30.48,82,12,1.57
284,Bambanglipuro,ID,2021-01-30 19:44:25,2021-01-30 19:44:25,2021-01-30 19:44:25,2021-01-30 19:44:25,-7.95,110.2833,75.29,86,100,3.15
285,Puerto Del Rosario,ES,2021-01-30 19:44:25,2021-01-30 19:44:25,2021-01-30 19:44:25,2021-01-30 19:44:25,28.5004,-13.8627,64.4,82,75,16.11
286,Caluquembe,AO,2021-01-30 19:44:25,2021-01-30 19:44:25,2021-01-30 19:44:25,2021-01-30 19:44:25,-13.7833,14.6833,61.0,93,49,3.38
287,San-Pedro,CI,2021-01-30 19:44:25,2021-01-30 19:44:25,2021-01-30 19:44:25,2021-01-30 19:44:25,4.7485,-6.6363,78.13,87,35,7.58
288,Port Hedland,AU,2021-01-30 19:44:25,2021-01-30 19:44:25,2021-01-30 19:44:25,2021-01-30 19:44:25,-20.3167,118.5667,84.2,74,40,10.36
289,Qui Nhon,VN,2021-01-30 19:44:25,2021-01-30 19:44:25,2021-01-30 19:44:25,2021-01-30 19:44:25,13.7667,109.2333,71.04,86,84,10.65
290,Palembang,ID,2021-01-30 19:44:26,2021-01-30 19:44:26,2021-01-30 19:44:26,2021-01-30 19:44:26,-2.9167,104.7458,73.83,96,100,4.12
291,Nyurba,RU,2021-01-30 19:44:26,2021-01-30 19:44:26,2021-01-30 19:44:26,2021-01-30 19:44:26,63.2842,118.3319,-37.98,81,100,2.01
292,Pilar,BR,2021-01-30 19:44:26,2021-01-30 19:44:26,2021-01-30 19:44:26,2021-01-30 19:44:26,-9.5972,-35.9567,82.4,78,75,8.05
293,Koszalin,PL,2021-01-30 19:42:05,2021-01-30 19:42:05,2021-01-30 19:42:05,2021-01-30 19:42:05,54.1944,16.1722,30.99,73,58,10.45
294,Rio Grande,BR,2021-01-30 19:44:26,2021-01-30 19:44:26,2021-01-30 19:44:26,2021-01-30 19:44:26,-32.035,-52.0986,80.6,89,90,11.5
295,Sitka,US,2021-01-30 19:44:26,2021-01-30 19:44:26,2021-01-30 19:44:26,2021-01-30 19:44:26,57.0531,-135.33,39.2,60,40,9.22
296,Ribeira Grande,PT,2021-01-30 19:44:27,2021-01-30 19:44:27,2021-01-30 19:44:27,2021-01-30 19:44:27,38.5167,-28.7,64.4,88,20,17.27
297,Takoradi,GH,2021-01-30 19:44:27,2021-01-30 19:44:27,2021-01-30 19:44:27,2021-01-30 19:44:27,4.8845,-1.7554,80.53,83,100,10.31
298,Kuningan,ID,2021-01-30 19:44:27,2021-01-30 19:44:27,2021-01-30 19:44:27,2021-01-30 19:44:27,-6.9758,108.4831,68.67,95,99,3.53
299,Svirstroy,RU,2021-01-30 19:44:27,2021-01-30 19:44:27,2021-01-30 19:44:27,2021-01-30 19:44:27,60.7999,33.7248,21.27,97,100,4.76
300,Rio Gallegos,AR,2021-01-30 19:41:21,2021-01-30 19:41:21,2021-01-30 19:41:21,2021-01-30 19:41:21,-51.6226,-69.2181,62.6,36,40,18.41
301,Toora-Khem,RU,2021-01-30 19:44:28,2021-01-30 19:44:28,2021-01-30 19:44:28,2021-01-30 19:44:28,52.4675,96.11,-9.11,85,90,5.84
302,Srednekolymsk,RU,2021-01-30 19:44:28,2021-01-30 19:44:28,2021-01-30 19:44:28,2021-01-30 19:44:28,67.45,153.6833,-38.43,82,100,2.37
303,Mao,ES,2021-01-30 19:44:28,2021-01-30 19:44:28,2021-01-30 19:44:28,2021-01-30 19:44:28,39.8885,4.2658,51.8,87,20,6.91
304,Cabedelo,BR,2021-01-30 19:44:28,2021-01-30 19:44:28,2021-01-30 19:44:28,2021-01-30 19:44:28,-6.9811,-34.8339,84.2,70,40,14.97
305,Salamiyah,SY,2021-01-30 19:44:28,2021-01-30 19:44:28,2021-01-30 19:44:28,2021-01-30 19:44:28,35.0113,37.0532,49.73,70,100,12.24
306,Husavik,IS,2021-01-30 19:44:29,2021-01-30 19:44:29,2021-01-30 19:44:29,2021-01-30 19:44:29,66.0449,-17.3389,17.6,67,90,3.44
307,Mayo,US,2021-01-30 19:44:29,2021-01-30 19:44:29,2021-01-30 19:44:29,2021-01-30 19:44:29,38.8876,-76.5119,37.99,38,1,6.91
308,Methoni,GR,2021-01-30 19:44:29,2021-01-30 19:44:29,2021-01-30 19:44:29,2021-01-30 19:44:29,36.8197,21.7049,54.0,81,49,3.44
309,Leningradskiy,RU,2021-01-30 19:44:29,2021-01-30 19:44:29,2021-01-30 19:44:29,2021-01-30 19:44:29,69.3833,178.4167,-27.92,83,0,2.1
310,Kavaratti,IN,2021-01-30 19:44:29,2021-01-30 19:44:29,2021-01-30 19:44:29,2021-01-30 19:44:29,10.5669,72.642,80.94,69,44,6.8
311,Coquimbo,CL,2021-01-30 19:41:50,2021-01-30 19:41:50,2021-01-30 19:41:50,2021-01-30 19:41:50,-29.9533,-71.3436,66.2,82,75,13.8
312,Yasnyy,RU,2021-01-30 19:44:29,2021-01-30 19:44:29,2021-01-30 19:44:29,2021-01-30 19:44:29,51.0333,59.8742,7.16,95,6,0.4
313,Saquarema,BR,2021-01-30 19:44:30,2021-01-30 19:44:30,2021-01-30 19:44:30,2021-01-30 19:44:30,-22.92,-42.5103,86.0,48,20,23.02
314,Lyngseidet,NO,2021-01-30 19:44:30,2021-01-30 19:44:30,2021-01-30 19:44:30,2021-01-30 19:44:30,69.5763,20.2189,19.0,79,0,3.44
315,Marfino,RU,2021-01-30 19:44:30,2021-01-30 19:44:30,2021-01-30 19:44:30,2021-01-30 19:44:30,55.7028,37.3822,27.0,80,75,6.71
316,Novoagansk,RU,2021-01-30 19:44:30,2021-01-30 19:44:30,2021-01-30 19:44:30,2021-01-30 19:44:30,61.9449,76.6625,-20.78,85,100,11.92
317,Klyuchi,RU,2021-01-30 19:44:30,2021-01-30 19:44:30,2021-01-30 19:44:30,2021-01-30 19:44:30,52.2667,79.1667,9.5,96,100,7.34
318,Pringsewu,ID,2021-01-30 19:44:30,2021-01-30 19:44:30,2021-01-30 19:44:30,2021-01-30 19:44:30,-5.3582,104.9744,72.01,92,95,3.04
319,Santa Isabel,BR,2021-01-30 19:44:31,2021-01-30 19:44:31,2021-01-30 19:44:31,2021-01-30 19:44:31,-23.3156,-46.2214,95.0,31,0,9.22
320,Yulara,AU,2021-01-30 19:44:31,2021-01-30 19:44:31,2021-01-30 19:44:31,2021-01-30 19:44:31,-25.2406,130.9889,84.2,37,40,12.66
321,Wilmington,US,2021-01-30 19:40:51,2021-01-30 19:40:51,2021-01-30 19:40:51,2021-01-30 19:40:51,34.2257,-77.9447,44.6,33,1,9.22
322,Eyl,SO,2021-01-30 19:44:31,2021-01-30 19:44:31,2021-01-30 19:44:31,2021-01-30 19:44:31,7.9803,49.8164,72.81,77,17,13.15
323,Springfield,US,2021-01-30 19:44:31,2021-01-30 19:44:31,2021-01-30 19:44:31,2021-01-30 19:44:31,37.2153,-93.2982,46.99,93,90,20.71
324,Turkistan,KZ,2021-01-30 19:44:32,2021-01-30 19:44:32,2021-01-30 19:44:32,2021-01-30 19:44:32,43.0,68.0,38.5,68,100,4.36
325,Sisimiut,GL,2021-01-30 19:44:32,2021-01-30 19:44:32,2021-01-30 19:44:32,2021-01-30 19:44:32,66.9395,-53.6735,7.27,91,79,8.05
326,Shingu,JP,2021-01-30 19:44:32,2021-01-30 19:44:32,2021-01-30 19:44:32,2021-01-30 19:44:32,33.7333,135.9833,41.38,76,4,7.36
327,Seoul,KR,2021-01-30 19:43:49,2021-01-30 19:43:49,2021-01-30 19:43:49,2021-01-30 19:43:49,37.5683,126.9778,23.0,93,96,2.3
328,Tangping,CN,2021-01-30 19:44:32,2021-01-30 19:44:32,2021-01-30 19:44:32,2021-01-30 19:44:32,22.0265,111.9323,61.5,80,92,4.07
329,Port Moresby,PG,2021-01-30 19:44:32,2021-01-30 19:44:32,2021-01-30 19:44:32,2021-01-30 19:44:32,-9.4431,147.1797,75.2,94,90,11.5
330,Ranong,TH,2021-01-30 19:44:33,2021-01-30 19:44:33,2021-01-30 19:44:33,2021-01-30 19:44:33,9.9658,98.6348,73.81,88,16,4.09
331,Moranbah,AU,2021-01-30 19:44:33,2021-01-30 19:44:33,2021-01-30 19:44:33,2021-01-30 19:44:33,-22.0016,148.0466,70.14,91,14,13.53
332,Okhotsk,RU,2021-01-30 19:44:33,2021-01-30 19:44:33,2021-01-30 19:44:33,2021-01-30 19:44:33,59.3833,143.3,-12.5,79,0,15.9
333,Pangnirtung,CA,2021-01-30 19:44:33,2021-01-30 19:44:33,2021-01-30 19:44:33,2021-01-30 19:44:33,66.1451,-65.7125,-9.4,77,1,2.3
334,Alakurtti,RU,2021-01-30 19:44:33,2021-01-30 19:44:33,2021-01-30 19:44:33,2021-01-30 19:44:33,66.9672,30.3491,12.99,89,100,3.0
335,Coahuayana,MX,2021-01-30 19:44:33,2021-01-30 19:44:33,2021-01-30 19:44:33,2021-01-30 19:44:33,18.7333,-103.6833,86.0,42,40,7.43
336,Ancud,CL,2021-01-30 19:44:33,2021-01-30 19:44:33,2021-01-30 19:44:33,2021-01-30 19:44:33,-41.8697,-73.8203,68.0,45,0,6.91
337,Nanortalik,GL,2021-01-30 19:44:34,2021-01-30 19:44:34,2021-01-30 19:44:34,2021-01-30 19:44:34,60.1432,-45.2371,32.13,90,100,8.68
338,Ponta Delgada,PT,2021-01-30 19:44:34,2021-01-30 19:44:34,2021-01-30 19:44:34,2021-01-30 19:44:34,37.7333,-25.6667,63.0,94,75,14.97
339,Aginskoye,RU,2021-01-30 19:44:34,2021-01-30 19:44:34,2021-01-30 19:44:34,2021-01-30 19:44:34,51.1,114.53,-19.01,86,100,2.26
340,Quelimane,MZ,2021-01-30 19:44:34,2021-01-30 19:44:34,2021-01-30 19:44:34,2021-01-30 19:44:34,-17.8786,36.8883,82.4,83,40,3.44
341,Burnie,AU,2021-01-30 19:44:34,2021-01-30 19:44:34,2021-01-30 19:44:34,2021-01-30 19:44:34,-41.0667,145.9167,53.01,74,88,15.01
342,Santa Rosalia,MX,2021-01-30 19:44:34,2021-01-30 19:44:34,2021-01-30 19:44:34,2021-01-30 19:44:34,27.3167,-112.2833,62.02,57,29,10.33
343,Toumodi,CI,2021-01-30 19:44:34,2021-01-30 19:44:34,2021-01-30 19:44:34,2021-01-30 19:44:34,6.5613,-5.0158,86.0,62,100,7.83
344,Tessalit,ML,2021-01-30 19:44:35,2021-01-30 19:44:35,2021-01-30 19:44:35,2021-01-30 19:44:35,20.1986,1.0114,67.89,19,52,10.11
345,Nacala,MZ,2021-01-30 19:44:35,2021-01-30 19:44:35,2021-01-30 19:44:35,2021-01-30 19:44:35,-14.5428,40.6728,79.09,84,81,5.77
346,Patacamaya,BO,2021-01-30 19:44:35,2021-01-30 19:44:35,2021-01-30 19:44:35,2021-01-30 19:44:35,-17.2333,-67.9167,58.96,43,97,1.59
347,Asau,RO,2021-01-30 19:44:35,2021-01-30 19:44:35,2021-01-30 19:44:35,2021-01-30 19:44:35,46.4333,26.4,46.4,61,0,10.36
348,Bonavista,CA,2021-01-30 19:44:35,2021-01-30 19:44:35,2021-01-30 19:44:35,2021-01-30 19:44:35,48.6499,-53.1147,30.0,93,100,4.61
349,Puerto Madero,MX,2021-01-30 19:44:35,2021-01-30 19:44:35,2021-01-30 19:44:35,2021-01-30 19:44:35,14.7208,-92.4215,89.6,48,1,5.75
350,Lahan,NP,2021-01-30 19:44:35,2021-01-30 19:44:35,2021-01-30 19:44:35,2021-01-30 19:44:35,26.7296,86.4951,50.47,54,0,3.4
351,Sambava,MG,2021-01-30 19:44:36,2021-01-30 19:44:36,2021-01-30 19:44:36,2021-01-30 19:44:36,-14.2667,50.1667,78.21,81,44,4.41
352,Tornio,FI,2021-01-30 19:44:36,2021-01-30 19:44:36,2021-01-30 19:44:36,2021-01-30 19:44:36,65.8481,24.1466,14.0,85,20,8.05
353,Sovetskiy,RU,2021-01-30 19:44:36,2021-01-30 19:44:36,2021-01-30 19:44:36,2021-01-30 19:44:36,61.3614,63.5842,-5.71,92,99,4.32
354,Kalabo,ZM,2021-01-30 19:44:36,2021-01-30 19:44:36,2021-01-30 19:44:36,2021-01-30 19:44:36,-14.97,22.6814,71.13,85,100,4.43
355,Cascavel,BR,2021-01-30 19:44:36,2021-01-30 19:44:36,2021-01-30 19:44:36,2021-01-30 19:44:36,-24.9558,-53.4553,69.76,95,100,5.14
356,Honolulu,US,2021-01-30 19:43:26,2021-01-30 19:43:26,2021-01-30 19:43:26,2021-01-30 19:43:26,21.3069,-157.8583,75.2,73,75,6.91
357,Tete,MZ,2021-01-30 19:44:36,2021-01-30 19:44:36,2021-01-30 19:44:36,2021-01-30 19:44:36,-16.1564,33.5867,80.6,89,40,3.44
358,Pemba,MZ,2021-01-30 19:44:37,2021-01-30 19:44:37,2021-01-30 19:44:37,2021-01-30 19:44:37,-12.974,40.5178,82.4,89,40,9.22
359,Margate,GB,2021-01-30 19:44:37,2021-01-30 19:44:37,2021-01-30 19:44:37,2021-01-30 19:44:37,51.3813,1.3862,39.99,82,100,8.01
360,Praia Da Vitoria,PT,2021-01-30 19:44:37,2021-01-30 19:44:37,2021-01-30 19:44:37,2021-01-30 19:44:37,38.7333,-27.0667,64.4,88,75,22.46
361,Walvis Bay,NA,2021-01-30 19:44:37,2021-01-30 19:44:37,2021-01-30 19:44:37,2021-01-30 19:44:37,-22.9575,14.5053,66.99,77,0,5.75
362,Bathsheba,BB,2021-01-30 19:44:37,2021-01-30 19:44:37,2021-01-30 19:44:37,2021-01-30 19:44:37,13.2167,-59.5167,84.2,58,20,17.27
363,Abomsa,ET,2021-01-30 19:44:37,2021-01-30 19:44:37,2021-01-30 19:44:37,2021-01-30 19:44:37,9.9833,39.9833,65.75,36,0,5.08
364,Ballina,AU,2021-01-30 19:44:38,2021-01-30 19:44:38,2021-01-30 19:44:38,2021-01-30 19:44:38,-28.8667,153.5667,73.4,94,40,3.44
365,Amurzet,RU,2021-01-30 19:44:38,2021-01-30 19:44:38,2021-01-30 19:44:38,2021-01-30 19:44:38,47.6967,131.0981,-21.12,81,0,4.18
366,Nova Olimpia,BR,2021-01-30 19:44:38,2021-01-30 19:44:38,2021-01-30 19:44:38,2021-01-30 19:44:38,-14.7972,-57.2881,88.86,53,15,5.61
367,Arkhangelsk,RU,2021-01-30 19:41:12,2021-01-30 19:41:12,2021-01-30 19:41:12,2021-01-30 19:41:12,64.5401,40.5433,23.0,93,90,8.95
368,Auki,SB,2021-01-30 19:44:38,2021-01-30 19:44:38,2021-01-30 19:44:38,2021-01-30 19:44:38,-8.7676,160.7034,79.77,85,100,11.32
369,Dargaville,NZ,2021-01-30 19:44:38,2021-01-30 19:44:38,2021-01-30 19:44:38,2021-01-30 19:44:38,-35.9333,173.8833,63.16,66,0,5.41
370,Daloa,CI,2021-01-30 19:44:38,2021-01-30 19:44:38,2021-01-30 19:44:38,2021-01-30 19:44:38,6.8774,-6.4502,82.85,49,86,3.47
371,Bacolod,PH,2021-01-30 19:44:39,2021-01-30 19:44:39,2021-01-30 19:44:39,2021-01-30 19:44:39,10.6667,122.95,74.88,82,97,15.43
372,Les Cayes,HT,2021-01-30 19:44:39,2021-01-30 19:44:39,2021-01-30 19:44:39,2021-01-30 19:44:39,18.2,-73.75,81.48,58,5,5.93
373,Asfi,MA,2021-01-30 19:41:56,2021-01-30 19:41:56,2021-01-30 19:41:56,2021-01-30 19:41:56,32.2994,-9.2372,60.33,83,100,9.86
374,Kendari,ID,2021-01-30 19:44:39,2021-01-30 19:44:39,2021-01-30 19:44:39,2021-01-30 19:44:39,-3.945,122.4989,74.25,90,100,3.38
375,Sirjan,IR,2021-01-30 19:44:39,2021-01-30 19:44:39,2021-01-30 19:44:39,2021-01-30 19:44:39,29.452,55.6814,49.48,50,0,11.41
376,Stokmarknes,NO,2021-01-30 19:44:39,2021-01-30 19:44:39,2021-01-30 19:44:39,2021-01-30 19:44:39,68.5646,14.9108,17.01,85,63,10.0
377,Petropavlovsk-Kamchatskiy,RU,2021-01-30 19:44:39,2021-01-30 19:44:39,2021-01-30 19:44:39,2021-01-30 19:44:39,53.0452,158.6483,26.6,59,40,15.66
378,Flinders,AU,2021-01-30 19:44:40,2021-01-30 19:44:40,2021-01-30 19:44:40,2021-01-30 19:44:40,-34.5833,150.8552,71.01,88,84,4.0
379,Kytmanovo,RU,2021-01-30 19:44:40,2021-01-30 19:44:40,2021-01-30 19:44:40,2021-01-30 19:44:40,53.4593,85.4479,-6.9,87,89,7.47
380,Tsiroanomandidy,MG,2021-01-30 19:44:40,2021-01-30 19:44:40,2021-01-30 19:44:40,2021-01-30 19:44:40,-18.7667,46.0333,68.32,88,100,6.62
381,Kysyl-Syr,RU,2021-01-30 19:44:40,2021-01-30 19:44:40,2021-01-30 19:44:40,2021-01-30 19:44:40,63.8986,122.7617,-51.9,76,51,2.77
382,Carutapera,BR,2021-01-30 19:44:40,2021-01-30 19:44:40,2021-01-30 19:44:40,2021-01-30 19:44:40,-1.195,-46.02,83.39,70,55,10.07
383,Vesoul,FR,2021-01-30 19:44:40,2021-01-30 19:44:40,2021-01-30 19:44:40,2021-01-30 19:44:40,47.5833,5.8333,46.4,93,90,10.36
384,Strezhevoy,RU,2021-01-30 19:42:01,2021-01-30 19:42:01,2021-01-30 19:42:01,2021-01-30 19:42:01,60.7333,77.5889,-22.0,63,0,15.66
385,Hennenman,ZA,2021-01-30 19:44:41,2021-01-30 19:44:41,2021-01-30 19:44:41,2021-01-30 19:44:41,-27.9765,27.0242,66.99,87,75,6.58
386,Misratah,LY,2021-01-30 19:44:41,2021-01-30 19:44:41,2021-01-30 19:44:41,2021-01-30 19:44:41,32.3754,15.0925,65.84,55,0,7.63
387,Bakchar,RU,2021-01-30 19:44:41,2021-01-30 19:44:41,2021-01-30 19:44:41,2021-01-30 19:44:41,57.0186,82.0711,-23.57,85,95,4.9
388,Zhanaozen,KZ,2021-01-30 19:44:41,2021-01-30 19:44:41,2021-01-30 19:44:41,2021-01-30 19:44:41,43.3,52.8,37.06,80,100,13.35
389,Beni Mazar,EG,2021-01-30 19:44:41,2021-01-30 19:44:41,2021-01-30 19:44:41,2021-01-30 19:44:41,28.4962,30.8029,53.87,41,0,7.52
390,Gorom-Gorom,BF,2021-01-30 19:44:41,2021-01-30 19:44:41,2021-01-30 19:44:41,2021-01-30 19:44:41,14.4439,-0.2361,76.91,17,0,9.62
391,Sanmenxia,CN,2021-01-30 19:44:42,2021-01-30 19:44:42,2021-01-30 19:44:42,2021-01-30 19:44:42,34.7747,111.1814,37.31,63,0,3.98
392,Vanavara,RU,2021-01-30 19:44:42,2021-01-30 19:44:42,2021-01-30 19:44:42,2021-01-30 19:44:42,60.34,102.2797,-42.25,79,10,3.29
393,Muroto,JP,2021-01-30 19:44:42,2021-01-30 19:44:42,2021-01-30 19:44:42,2021-01-30 19:44:42,33.2833,134.15,47.03,61,0,8.9
394,Filimonovo,RU,2021-01-30 19:44:42,2021-01-30 19:44:42,2021-01-30 19:44:42,2021-01-30 19:44:42,56.2011,95.4611,-38.63,80,5,1.81
395,Huejuquilla El Alto,MX,2021-01-30 19:44:42,2021-01-30 19:44:42,2021-01-30 19:44:42,2021-01-30 19:44:42,22.6,-103.8667,77.11,21,0,7.52
396,Sungaipenuh,ID,2021-01-30 19:44:42,2021-01-30 19:44:42,2021-01-30 19:44:42,2021-01-30 19:44:42,-2.0833,101.3833,64.18,94,100,3.13
397,Dingle,PH,2021-01-30 19:44:42,2021-01-30 19:44:42,2021-01-30 19:44:42,2021-01-30 19:44:42,10.9995,122.6711,71.47,90,100,9.89
398,Umba,RU,2021-01-30 19:44:43,2021-01-30 19:44:43,2021-01-30 19:44:43,2021-01-30 19:44:43,66.6871,34.3429,12.56,96,100,7.38
399,Sangar,RU,2021-01-30 19:44:43,2021-01-30 19:44:43,2021-01-30 19:44:43,2021-01-30 19:44:43,63.9242,127.4739,-49.52,76,86,2.06
400,Springdale,US,2021-01-30 19:44:43,2021-01-30 19:44:43,2021-01-30 19:44:43,2021-01-30 19:44:43,36.1867,-94.1288,53.01,100,75,11.5
401,Corumba,BR,2021-01-30 19:44:43,2021-01-30 19:44:43,2021-01-30 19:44:43,2021-01-30 19:44:43,-19.0092,-57.6533,91.4,58,40,9.22
402,Caravelas,BR,2021-01-30 19:44:43,2021-01-30 19:44:43,2021-01-30 19:44:43,2021-01-30 19:44:43,-17.7125,-39.2481,81.12,68,0,8.7
403,Termini Imerese,IT,2021-01-30 19:44:43,2021-01-30 19:44:43,2021-01-30 19:44:43,2021-01-30 19:44:43,37.9837,13.6956,63.0,55,99,11.01
404,Chernihiv,UA,2021-01-30 19:44:43,2021-01-30 19:44:43,2021-01-30 19:44:43,2021-01-30 19:44:43,51.0,32.0,27.32,99,99,3.49
405,Klaksvik,FO,2021-01-30 19:44:44,2021-01-30 19:44:44,2021-01-30 19:44:44,2021-01-30 19:44:44,62.2266,-6.589,33.8,93,75,10.36
406,Black River,JM,2021-01-30 19:44:44,2021-01-30 19:44:44,2021-01-30 19:44:44,2021-01-30 19:44:44,18.0264,-77.8487,82.4,61,40,19.57
407,Hearst,CA,2021-01-30 19:42:00,2021-01-30 19:42:00,2021-01-30 19:42:00,2021-01-30 19:42:00,49.6835,-83.6665,5.0,78,35,1.14
408,Jambi,ID,2021-01-30 19:43:28,2021-01-30 19:43:28,2021-01-30 19:43:28,2021-01-30 19:43:28,-1.6,103.6167,71.91,98,90,2.75
409,Zhicheng,CN,2021-01-30 19:44:44,2021-01-30 19:44:44,2021-01-30 19:44:44,2021-01-30 19:44:44,30.2956,111.5047,46.99,79,100,1.7
410,North Myrtle Beach,US,2021-01-30 19:44:44,2021-01-30 19:44:44,2021-01-30 19:44:44,2021-01-30 19:44:44,33.816,-78.68,48.99,45,1,6.91
411,Goderich,CA,2021-01-30 19:44:45,2021-01-30 19:44:45,2021-01-30 19:44:45,2021-01-30 19:44:45,43.7501,-81.7165,26.6,68,100,3.44
412,Tommot,RU,2021-01-30 19:44:45,2021-01-30 19:44:45,2021-01-30 19:44:45,2021-01-30 19:44:45,58.9564,126.2925,-43.83,76,75,1.28
413,Cartagena Del Chaira,CO,2021-01-30 19:44:45,2021-01-30 19:44:45,2021-01-30 19:44:45,2021-01-30 19:44:45,1.3349,-74.8429,94.21,31,23,4.94
414,Hambantota,LK,2021-01-30 19:44:45,2021-01-30 19:44:45,2021-01-30 19:44:45,2021-01-30 19:44:45,6.1241,81.1185,75.2,100,40,3.44
415,Entre Rios,BR,2021-01-30 19:44:45,2021-01-30 19:44:45,2021-01-30 19:44:45,2021-01-30 19:44:45,-11.9419,-38.0844,79.23,69,100,7.87
416,Inirida,CO,2021-01-30 19:44:45,2021-01-30 19:44:45,2021-01-30 19:44:45,2021-01-30 19:44:45,3.8653,-67.9239,92.75,42,97,2.62
417,Dalby,AU,2021-01-30 19:44:45,2021-01-30 19:44:45,2021-01-30 19:44:45,2021-01-30 19:44:45,-27.1833,151.2667,64.0,93,1,7.25
418,Malindi,KE,2021-01-30 19:44:46,2021-01-30 19:44:46,2021-01-30 19:44:46,2021-01-30 19:44:46,-3.2175,40.1191,77.54,83,0,11.72
419,Palmer,US,2021-01-30 19:44:46,2021-01-30 19:44:46,2021-01-30 19:44:46,2021-01-30 19:44:46,42.1584,-72.3287,25.0,36,20,3.44
420,Maasin,PH,2021-01-30 19:44:46,2021-01-30 19:44:46,2021-01-30 19:44:46,2021-01-30 19:44:46,10.1336,124.8447,77.72,80,100,13.53
421,Mahmudabad,IN,2021-01-30 19:44:46,2021-01-30 19:44:46,2021-01-30 19:44:46,2021-01-30 19:44:46,27.3,81.1167,46.4,87,0,5.61
422,Broome,US,2021-01-30 19:44:46,2021-01-30 19:44:46,2021-01-30 19:44:46,2021-01-30 19:44:46,42.2506,-75.833,21.99,67,90,11.5
423,Mackay,AU,2021-01-30 19:44:46,2021-01-30 19:44:46,2021-01-30 19:44:46,2021-01-30 19:44:46,-21.15,149.2,78.8,83,90,17.27
424,Talikota,IN,2021-01-30 19:44:46,2021-01-30 19:44:46,2021-01-30 19:44:46,2021-01-30 19:44:46,16.4833,76.3167,71.82,41,0,13.27
425,Wangqing,CN,2021-01-30 19:44:47,2021-01-30 19:44:47,2021-01-30 19:44:47,2021-01-30 19:44:47,43.3218,129.7634,-7.6,84,0,2.19
426,Hualmay,PE,2021-01-30 19:44:47,2021-01-30 19:44:47,2021-01-30 19:44:47,2021-01-30 19:44:47,-11.0964,-77.6139,76.78,63,58,13.91
427,Sola,VU,2021-01-30 19:44:47,2021-01-30 19:44:47,2021-01-30 19:44:47,2021-01-30 19:44:47,-13.8833,167.55,81.12,79,94,17.81
428,Svetlogorsk,BY,2021-01-30 19:44:47,2021-01-30 19:44:47,2021-01-30 19:44:47,2021-01-30 19:44:47,52.6333,29.7333,24.4,98,100,2.24
429,Tuban,ID,2021-01-30 19:44:47,2021-01-30 19:44:47,2021-01-30 19:44:47,2021-01-30 19:44:47,-6.8976,112.0649,76.71,88,100,6.96
430,Tarko-Sale,RU,2021-01-30 19:44:47,2021-01-30 19:44:47,2021-01-30 19:44:47,2021-01-30 19:44:47,64.9225,77.785,-25.35,83,100,14.27
431,Mackenzie,CA,2021-01-30 19:44:47,2021-01-30 19:44:47,2021-01-30 19:44:47,2021-01-30 19:44:47,55.2999,-123.1698,5.0,78,75,3.44
432,Athens,GR,2021-01-30 19:41:51,2021-01-30 19:41:51,2021-01-30 19:41:51,2021-01-30 19:41:51,37.9795,23.7162,55.99,66,20,4.61
433,Urengoy,RU,2021-01-30 19:44:48,2021-01-30 19:44:48,2021-01-30 19:44:48,2021-01-30 19:44:48,65.9667,78.3667,-27.27,82,100,11.01
434,Suluktu,KG,2021-01-30 19:44:48,2021-01-30 19:44:48,2021-01-30 19:44:48,2021-01-30 19:44:48,39.9337,69.57,42.8,33,75,13.42
435,Arvika,SE,2021-01-30 19:44:48,2021-01-30 19:44:48,2021-01-30 19:44:48,2021-01-30 19:44:48,59.6553,12.5852,6.8,92,0,2.3
436,Daru,PG,2021-01-30 19:44:48,2021-01-30 19:44:48,2021-01-30 19:44:48,2021-01-30 19:44:48,-9.0763,143.2092,76.51,93,100,11.79
437,Lagoa,PT,2021-01-30 19:44:48,2021-01-30 19:44:48,2021-01-30 19:44:48,2021-01-30 19:44:48,39.05,-27.9833,62.1,90,70,28.07
438,Talara,PE,2021-01-30 19:44:48,2021-01-30 19:44:48,2021-01-30 19:44:48,2021-01-30 19:44:48,-4.5772,-81.2719,89.6,48,20,17.27
439,Laramie,US,2021-01-30 19:44:49,2021-01-30 19:44:49,2021-01-30 19:44:49,2021-01-30 19:44:49,41.3114,-105.5911,37.4,41,90,20.71
440,Mehamn,NO,2021-01-30 19:44:49,2021-01-30 19:44:49,2021-01-30 19:44:49,2021-01-30 19:44:49,71.0357,27.8492,25.47,96,100,22.5
441,Creston,US,2021-01-30 19:44:49,2021-01-30 19:44:49,2021-01-30 19:44:49,2021-01-30 19:44:49,41.0586,-94.3614,36.0,100,90,12.66
442,Nueve De Julio,AR,2021-01-30 19:44:49,2021-01-30 19:44:49,2021-01-30 19:44:49,2021-01-30 19:44:49,-35.4444,-60.8831,66.99,71,100,3.0
443,Hille,DE,2021-01-30 19:44:49,2021-01-30 19:44:49,2021-01-30 19:44:49,2021-01-30 19:44:49,52.3333,8.75,30.0,86,100,5.75
444,Am Timan,TD,2021-01-30 19:44:49,2021-01-30 19:44:49,2021-01-30 19:44:49,2021-01-30 19:44:49,11.0297,20.2827,77.76,18,0,4.97
445,Beloha,MG,2021-01-30 19:44:50,2021-01-30 19:44:50,2021-01-30 19:44:50,2021-01-30 19:44:50,-25.1667,45.05,78.87,69,32,3.65
446,Aklavik,CA,2021-01-30 19:44:50,2021-01-30 19:44:50,2021-01-30 19:44:50,2021-01-30 19:44:50,68.2191,-135.0107,-20.2,76,75,3.44
447,Messina,IT,2021-01-30 19:44:50,2021-01-30 19:44:50,2021-01-30 19:44:50,2021-01-30 19:44:50,38.1933,15.5497,59.0,82,0,6.91
448,Severodvinsk,RU,2021-01-30 19:44:50,2021-01-30 19:44:50,2021-01-30 19:44:50,2021-01-30 19:44:50,64.5635,39.8302,23.0,93,90,6.71
449,Jasrana,IN,2021-01-30 19:44:50,2021-01-30 19:44:50,2021-01-30 19:44:50,2021-01-30 19:44:50,27.25,78.6833,49.86,47,0,4.25
450,Provideniya,RU,2021-01-30 19:44:50,2021-01-30 19:44:50,2021-01-30 19:44:50,2021-01-30 19:44:50,64.3833,-173.3,-13.49,83,71,8.37
451,Tonantins,BR,2021-01-30 19:44:50,2021-01-30 19:44:50,2021-01-30 19:44:50,2021-01-30 19:44:50,-2.8731,-67.8022,92.03,51,43,3.71
452,Mahina,PF,2021-01-30 19:44:50,2021-01-30 19:44:50,2021-01-30 19:44:50,2021-01-30 19:44:50,-17.5065,-149.489,86.0,62,75,6.91
453,Barzas,RU,2021-01-30 19:44:51,2021-01-30 19:44:51,2021-01-30 19:44:51,2021-01-30 19:44:51,55.7167,86.3167,-18.4,69,2,4.47
454,Monticello,US,2021-01-30 19:41:08,2021-01-30 19:41:08,2021-01-30 19:41:08,2021-01-30 19:41:08,45.3055,-93.7941,30.99,69,90,11.99
455,Mahajanga,MG,2021-01-30 19:44:51,2021-01-30 19:44:51,2021-01-30 19:44:51,2021-01-30 19:44:51,-15.7167,46.3167,80.6,83,40,9.22
456,Sur,OM,2021-01-30 19:44:51,2021-01-30 19:44:51,2021-01-30 19:44:51,2021-01-30 19:44:51,22.5667,59.5289,66.97,56,0,10.16
457,Juneau,US,2021-01-30 19:40:20,2021-01-30 19:40:20,2021-01-30 19:40:20,2021-01-30 19:40:20,58.3019,-134.4197,32.0,86,90,6.24
458,Comodoro Rivadavia,AR,2021-01-30 19:44:51,2021-01-30 19:44:51,2021-01-30 19:44:51,2021-01-30 19:44:51,-45.8667,-67.5,66.2,42,20,10.36
459,Klaebu,NO,2021-01-30 19:44:52,2021-01-30 19:44:52,2021-01-30 19:44:52,2021-01-30 19:44:52,63.2976,10.4826,28.99,93,75,3.44
460,Townsville,AU,2021-01-30 19:40:17,2021-01-30 19:40:17,2021-01-30 19:40:17,2021-01-30 19:40:17,-19.25,146.8,78.8,78,89,8.05
461,Alyangula,AU,2021-01-30 19:44:52,2021-01-30 19:44:52,2021-01-30 19:44:52,2021-01-30 19:44:52,-13.8483,136.4192,78.8,100,41,14.14
462,Port Lincoln,AU,2021-01-30 19:44:52,2021-01-30 19:44:52,2021-01-30 19:44:52,2021-01-30 19:44:52,-34.7333,135.8667,59.27,82,0,11.81
463,Williams Lake,CA,2021-01-30 19:44:52,2021-01-30 19:44:52,2021-01-30 19:44:52,2021-01-30 19:44:52,52.1415,-122.1445,33.01,69,75,11.5
464,Abbeville,FR,2021-01-30 19:44:53,2021-01-30 19:44:53,2021-01-30 19:44:53,2021-01-30 19:44:53,50.1,1.8333,41.0,68,100,15.26
465,Bilibino,RU,2021-01-30 19:44:53,2021-01-30 19:44:53,2021-01-30 19:44:53,2021-01-30 19:44:53,68.0546,166.4372,-27.42,80,1,5.35
466,Caete,BR,2021-01-30 19:44:53,2021-01-30 19:44:53,2021-01-30 19:44:53,2021-01-30 19:44:53,-19.88,-43.6697,89.6,29,40,5.75
467,Wagar,SD,2021-01-30 19:44:53,2021-01-30 19:44:53,2021-01-30 19:44:53,2021-01-30 19:44:53,16.1525,36.2032,65.86,74,0,17.22
468,Tarakan,ID,2021-01-30 19:44:14,2021-01-30 19:44:14,2021-01-30 19:44:14,2021-01-30 19:44:14,3.3,117.6333,76.24,86,100,8.41
469,Karasjok,NO,2021-01-30 19:44:53,2021-01-30 19:44:53,2021-01-30 19:44:53,2021-01-30 19:44:53,69.4719,25.5112,24.8,86,90,9.22
470,Bajil,YE,2021-01-30 19:44:53,2021-01-30 19:44:53,2021-01-30 19:44:53,2021-01-30 19:44:53,15.0584,43.2851,73.76,78,0,5.48
471,Birnin Kebbi,NG,2021-01-30 19:44:54,2021-01-30 19:44:54,2021-01-30 19:44:54,2021-01-30 19:44:54,12.4539,4.1975,78.57,16,0,10.02
472,Manyana,BW,2021-01-30 19:44:54,2021-01-30 19:44:54,2021-01-30 19:44:54,2021-01-30 19:44:54,-23.4,21.7167,74.89,59,91,8.1
473,Vanersborg,SE,2021-01-30 19:43:15,2021-01-30 19:43:15,2021-01-30 19:43:15,2021-01-30 19:43:15,58.3807,12.3234,21.2,93,0,1.14
474,Baghdad,IQ,2021-01-30 19:40:56,2021-01-30 19:40:56,2021-01-30 19:40:56,2021-01-30 19:40:56,33.3406,44.4009,48.2,57,0,3.44
475,Sosnovo-Ozerskoye,RU,2021-01-30 19:44:54,2021-01-30 19:44:54,2021-01-30 19:44:54,2021-01-30 19:44:54,52.5249,111.5418,-26.77,85,95,5.57
476,Yarim,YE,2021-01-30 19:44:54,2021-01-30 19:44:54,2021-01-30 19:44:54,2021-01-30 19:44:54,14.298,44.3779,52.52,65,18,2.37
477,Biankouma,CI,2021-01-30 19:44:54,2021-01-30 19:44:54,2021-01-30 19:44:54,2021-01-30 19:44:54,7.7391,-7.6138,78.69,32,22,1.74
478,Mocuba,MZ,2021-01-30 19:44:55,2021-01-30 19:44:55,2021-01-30 19:44:55,2021-01-30 19:44:55,-16.8392,36.9856,74.43,97,100,2.77
479,Bozhou,CN,2021-01-30 19:44:55,2021-01-30 19:44:55,2021-01-30 19:44:55,2021-01-30 19:44:55,33.8772,115.7703,42.62,60,0,5.35
480,Marzuq,YE,2021-01-30 19:44:55,2021-01-30 19:44:55,2021-01-30 19:44:55,2021-01-30 19:44:55,14.4,46.4667,61.5,58,0,2.35
481,Varkaus,FI,2021-01-30 19:44:55,2021-01-30 19:44:55,2021-01-30 19:44:55,2021-01-30 19:44:55,62.3153,27.873,26.6,93,90,3.44
482,Imphal,IN,2021-01-30 19:44:55,2021-01-30 19:44:55,2021-01-30 19:44:55,2021-01-30 19:44:55,24.8167,93.95,45.66,68,0,1.72
483,Pangai,TO,2021-01-30 19:44:56,2021-01-30 19:44:56,2021-01-30 19:44:56,2021-01-30 19:44:56,-19.8,-174.35,80.65,74,100,10.16
484,Ahipara,NZ,2021-01-30 19:44:56,2021-01-30 19:44:56,2021-01-30 19:44:56,2021-01-30 19:44:56,-35.1667,173.1667,63.46,64,0,7.27
485,Saint-Francois,FR,2021-01-30 19:44:56,2021-01-30 19:44:56,2021-01-30 19:44:56,2021-01-30 19:44:56,46.4154,3.9054,48.2,81,75,5.75
486,East Brainerd,US,2021-01-30 19:44:56,2021-01-30 19:44:56,2021-01-30 19:44:56,2021-01-30 19:44:56,34.9959,-85.1502,48.99,49,90,10.96
487,Dunedin,NZ,2021-01-30 19:42:34,2021-01-30 19:42:34,2021-01-30 19:42:34,2021-01-30 19:42:34,-45.8742,170.5036,55.99,72,61,20.0
488,Balkhash,KZ,2021-01-30 19:44:57,2021-01-30 19:44:57,2021-01-30 19:44:57,2021-01-30 19:44:57,46.844,74.9804,16.97,90,100,12.91
489,Batemans Bay,AU,2021-01-30 19:44:57,2021-01-30 19:44:57,2021-01-30 19:44:57,2021-01-30 19:44:57,-35.7167,150.1833,64.0,91,100,4.0
490,Suzhou,CN,2021-01-30 19:40:43,2021-01-30 19:40:43,2021-01-30 19:40:43,2021-01-30 19:40:43,31.3114,120.6181,48.99,79,100,4.63
491,Alekseyevka,RU,2021-01-30 19:44:57,2021-01-30 19:44:57,2021-01-30 19:44:57,2021-01-30 19:44:57,50.6309,38.6903,36.12,97,100,15.79
492,Sioux Lookout,CA,2021-01-30 19:40:38,2021-01-30 19:40:38,2021-01-30 19:40:38,2021-01-30 19:40:38,50.1001,-91.917,23.0,80,90,5.75
493,Magistralnyy,RU,2021-01-30 19:44:57,2021-01-30 19:44:57,2021-01-30 19:44:57,2021-01-30 19:44:57,56.1725,107.4458,-39.12,77,39,3.06
494,Tiarei,PF,2021-01-30 19:44:58,2021-01-30 19:44:58,2021-01-30 19:44:58,2021-01-30 19:44:58,-17.5333,-149.3333,86.0,62,75,6.91
495,Port Hardy,CA,2021-01-30 19:44:58,2021-01-30 19:44:58,2021-01-30 19:44:58,2021-01-30 19:44:58,50.6996,-127.4199,42.8,87,40,11.5
496,Saint Anthony,US,2021-01-30 19:44:58,2021-01-30 19:44:58,2021-01-30 19:44:58,2021-01-30 19:44:58,45.0205,-93.218,33.01,64,90,9.22
497,Vohibinany,MG,2021-01-30 19:44:58,2021-01-30 19:44:58,2021-01-30 19:44:58,2021-01-30 19:44:58,-17.35,49.0333,74.28,88,100,1.12
498,Ekhabi,RU,2021-01-30 19:44:58,2021-01-30 19:44:58,2021-01-30 19:44:58,2021-01-30 19:44:58,53.5102,142.9671,-8.16,89,100,15.9
499,Kariba,ZW,2021-01-30 19:44:58,2021-01-30 19:44:58,2021-01-30 19:44:58,2021-01-30 19:44:58,-16.5167,28.8,71.92,91,100,5.64
500,Shache,CN,2021-01-30 19:44:59,2021-01-30 19:44:59,2021-01-30 19:44:59,2021-01-30 19:44:59,38.4167,77.2406,21.85,87,0,0.78
501,Darhan,MN,2021-01-30 19:44:59,2021-01-30 19:44:59,2021-01-30 19:44:59,2021-01-30 19:44:59,49.4867,105.9228,5.41,92,99,10.78
502,Windhoek,NA,2021-01-30 19:44:59,2021-01-30 19:44:59,2021-01-30 19:44:59,2021-01-30 19:44:59,-22.5594,17.0832,75.0,33,14,3.0
503,Lingao,CN,2021-01-30 19:44:59,2021-01-30 19:44:59,2021-01-30 19:44:59,2021-01-30 19:44:59,19.9103,109.6859,63.97,91,21,11.14
504,Key West,US,2021-01-30 19:42:49,2021-01-30 19:42:49,2021-01-30 19:42:49,2021-01-30 19:42:49,24.5557,-81.7826,75.2,56,75,14.97
505,Ambon,ID,2021-01-30 19:44:17,2021-01-30 19:44:17,2021-01-30 19:44:17,2021-01-30 19:44:17,-3.6954,128.1814,81.18,81,100,12.82
506,Betare Oya,CM,2021-01-30 19:44:59,2021-01-30 19:44:59,2021-01-30 19:44:59,2021-01-30 19:44:59,5.6,14.0833,75.52,27,100,4.18
507,Nuuk,GL,2021-01-30 19:41:15,2021-01-30 19:41:15,2021-01-30 19:41:15,2021-01-30 19:41:15,64.1835,-51.7216,19.4,68,20,5.75
508,Tricase,IT,2021-01-30 19:45:00,2021-01-30 19:45:00,2021-01-30 19:45:00,2021-01-30 19:45:00,39.9304,18.3553,54.0,100,0,8.05
509,Kailua,US,2021-01-30 19:43:07,2021-01-30 19:43:07,2021-01-30 19:43:07,2021-01-30 19:43:07,21.4022,-157.7394,75.2,64,40,16.11
510,Birin,NP,2021-01-30 19:45:00,2021-01-30 19:45:00,2021-01-30 19:45:00,2021-01-30 19:45:00,26.8865,88.0718,41.05,70,0,3.6
511,Hit,IQ,2021-01-30 19:45:00,2021-01-30 19:45:00,2021-01-30 19:45:00,2021-01-30 19:45:00,33.6416,42.8251,52.79,47,4,7.67
512,Mirnyy,RU,2021-01-30 19:45:00,2021-01-30 19:45:00,2021-01-30 19:45:00,2021-01-30 19:45:00,62.5353,113.9611,-33.18,82,100,5.28
513,Mutare,ZW,2021-01-30 19:45:01,2021-01-30 19:45:01,2021-01-30 19:45:01,2021-01-30 19:45:01,-18.9707,32.6709,67.75,97,100,4.99
514,Praya,CV,2021-01-30 19:45:01,2021-01-30 19:45:01,2021-01-30 19:45:01,2021-01-30 19:45:01,14.9215,-23.5087,75.2,57,0,18.41
515,San Angelo,US,2021-01-30 19:40:03,2021-01-30 19:40:03,2021-01-30 19:40:03,2021-01-30 19:40:03,31.4638,-100.437,72.0,15,1,29.93
516,Pilibanga,IN,2021-01-30 19:45:01,2021-01-30 19:45:01,2021-01-30 19:45:01,2021-01-30 19:45:01,29.4916,74.079,49.15,48,0,3.71
517,Oltu,TR,2021-01-30 19:45:03,2021-01-30 19:45:03,2021-01-30 19:45:03,2021-01-30 19:45:03,40.5498,42.0013,24.17,85,18,9.15
518,Oroszlany,HU,2021-01-30 19:45:03,2021-01-30 19:45:03,2021-01-30 19:45:03,2021-01-30 19:45:03,47.4867,18.3123,39.0,80,75,9.22
519,Sakakah,SA,2021-01-30 19:42:03,2021-01-30 19:42:03,2021-01-30 19:42:03,2021-01-30 19:42:03,29.9697,40.2064,46.4,46,0,1.97
520,Yelizovo,RU,2021-01-30 19:45:03,2021-01-30 19:45:03,2021-01-30 19:45:03,2021-01-30 19:45:03,53.1873,158.3805,26.6,59,40,15.66
521,Tema,GH,2021-01-30 19:45:04,2021-01-30 19:45:04,2021-01-30 19:45:04,2021-01-30 19:45:04,5.667,-0.0166,82.4,83,0,9.22
522,Alice Springs,AU,2021-01-30 19:45:04,2021-01-30 19:45:04,2021-01-30 19:45:04,2021-01-30 19:45:04,-23.7,133.8833,82.4,34,75,9.22
523,Codrington,AU,2021-01-30 19:45:04,2021-01-30 19:45:04,2021-01-30 19:45:04,2021-01-30 19:45:04,-38.2667,141.9667,58.05,72,90,5.28
524,Maroantsetra,MG,2021-01-30 19:45:04,2021-01-30 19:45:04,2021-01-30 19:45:04,2021-01-30 19:45:04,-15.4333,49.7333,75.9,88,19,4.07
525,Wattegama,LK,2021-01-30 19:45:05,2021-01-30 19:45:05,2021-01-30 19:45:05,2021-01-30 19:45:05,6.7989,81.4808,75.2,100,40,3.44
526,Bukachacha,RU,2021-01-30 19:45:05,2021-01-30 19:45:05,2021-01-30 19:45:05,2021-01-30 19:45:05,52.9833,116.9167,-26.63,81,94,2.84
527,Payakumbuh,ID,2021-01-30 19:45:05,2021-01-30 19:45:05,2021-01-30 19:45:05,2021-01-30 19:45:05,-0.2202,100.6308,68.7,88,99,1.36
528,Thap Than,TH,2021-01-30 19:45:06,2021-01-30 19:45:06,2021-01-30 19:45:06,2021-01-30 19:45:06,15.4606,99.8917,73.99,85,3,3.69
529,Port Blair,IN,2021-01-30 19:45:06,2021-01-30 19:45:06,2021-01-30 19:45:06,2021-01-30 19:45:06,11.6667,92.75,79.0,80,3,6.76
530,Trairi,BR,2021-01-30 19:43:42,2021-01-30 19:43:42,2021-01-30 19:43:42,2021-01-30 19:43:42,-3.2778,-39.2689,82.94,69,32,13.13
531,Kharan,PK,2021-01-30 19:45:06,2021-01-30 19:45:06,2021-01-30 19:45:06,2021-01-30 19:45:06,28.5833,65.4167,59.13,26,0,5.73
532,Chernyshevskiy,RU,2021-01-30 19:45:06,2021-01-30 19:45:06,2021-01-30 19:45:06,2021-01-30 19:45:06,63.0128,112.4714,-31.25,85,100,4.65
533,Tabuk,PH,2021-01-30 19:45:06,2021-01-30 19:45:06,2021-01-30 19:45:06,2021-01-30 19:45:06,17.4189,121.4443,63.14,87,100,2.98
534,Champerico,GT,2021-01-30 19:45:07,2021-01-30 19:45:07,2021-01-30 19:45:07,2021-01-30 19:45:07,14.3,-91.9167,91.4,52,40,9.22
535,Sinop,TR,2021-01-30 19:45:07,2021-01-30 19:45:07,2021-01-30 19:45:07,2021-01-30 19:45:07,41.7711,34.8709,38.16,76,100,15.14
536,Buala,SB,2021-01-30 19:45:07,2021-01-30 19:45:07,2021-01-30 19:45:07,2021-01-30 19:45:07,-8.145,159.5921,81.86,82,100,13.73
537,Prince Rupert,CA,2021-01-30 19:42:00,2021-01-30 19:42:00,2021-01-30 19:42:00,2021-01-30 19:42:00,54.3161,-130.3201,39.2,75,90,4.61
538,Meulaboh,ID,2021-01-30 19:43:27,2021-01-30 19:43:27,2021-01-30 19:43:27,2021-01-30 19:43:27,4.1363,96.1285,75.69,86,96,5.37
539,Banes,CU,2021-01-30 19:45:07,2021-01-30 19:45:07,2021-01-30 19:45:07,2021-01-30 19:45:07,20.9625,-75.7186,80.6,47,40,19.57
540,Vanimo,PG,2021-01-30 19:45:08,2021-01-30 19:45:08,2021-01-30 19:45:08,2021-01-30 19:45:08,-2.6741,141.3028,78.35,83,100,7.05
541,Kamenka,RU,2021-01-30 19:45:08,2021-01-30 19:45:08,2021-01-30 19:45:08,2021-01-30 19:45:08,51.3223,42.7678,34.0,96,100,12.37
542,Ashington,GB,2021-01-30 19:40:15,2021-01-30 19:40:15,2021-01-30 19:40:15,2021-01-30 19:40:15,50.9331,-0.3909,39.99,3,100,5.01
543,Lerwick,GB,2021-01-30 19:45:08,2021-01-30 19:45:08,2021-01-30 19:45:08,2021-01-30 19:45:08,60.1545,-1.1494,35.6,75,40,6.91
544,Volga,RU,2021-01-30 19:45:08,2021-01-30 19:45:08,2021-01-30 19:45:08,2021-01-30 19:45:08,57.9516,38.3879,21.88,97,100,11.77
